Date,Open,High,Low,Close
5/12/2016 21:00:00,163.78,163.78,163.78,163.78
5/12/2016 20:00:00,163.73,163.83,163.73,163.8
5/12/2016 19:00:00,163.69,163.75,163.66,163.73
5/12/2016 18:00:00,163.77,163.82,163.67,163.7
5/12/2016 17:00:00,163.77,163.82,163.7,163.77
5/12/2016 16:00:00,163.8,163.85,163.75,163.78
5/12/2016 15:00:00,163.88,163.89,163.78,163.8
5/12/2016 14:00:00,163.75,163.88,163.64,163.88
5/12/2016 13:00:00,163.81,163.97,163.74,163.74
5/12/2016 12:00:00,163.82,163.89,163.78,163.8
5/12/2016 11:00:00,163.66,163.84,163.62,163.81
5/12/2016 10:00:00,164.07,164.11,163.66,163.66
5/12/2016 9:00:00,164.3,164.33,164.04,164.07
5/12/2016 8:00:00,164.25,164.49,164.24,164.31
5/12/2016 7:00:00,164.2,164.26,164.15,164.25
5/11/2016 21:00:00,164.25,164.25,164.25,164.25
5/11/2016 20:00:00,164.22,164.26,164.18,164.25
5/11/2016 19:00:00,164.3,164.3,164.21,164.22
5/11/2016 18:00:00,164.18,164.29,164.17,164.29
5/11/2016 17:00:00,164.09,164.21,164.09,164.18
5/11/2016 16:00:00,164.14,164.22,164.08,164.09
5/11/2016 15:00:00,164.19,164.22,164.07,164.14
5/11/2016 14:00:00,164.09,164.2,164.09,164.19
5/11/2016 13:00:00,164.01,164.13,163.97,164.09
5/11/2016 12:00:00,164.17,164.18,163.98,164
5/11/2016 11:00:00,164.24,164.26,164.15,164.18
5/11/2016 10:00:00,164.3,164.35,164.22,164.24
5/11/2016 9:00:00,164.29,164.35,164.24,164.29
5/11/2016 8:00:00,164.24,164.32,164.18,164.3
5/11/2016 7:00:00,164.26,164.28,164.14,164.23
5/10/2016 21:00:00,164.19,164.19,164.19,164.19
5/10/2016 20:00:00,164.17,164.21,164.16,164.19
5/10/2016 19:00:00,164.18,164.2,164.15,164.18
5/10/2016 18:00:00,164.21,164.23,164.16,164.18
5/10/2016 17:00:00,164.12,164.22,164.05,164.22
5/10/2016 16:00:00,164.2,164.32,164.11,164.12
5/10/2016 15:00:00,164.18,164.24,164.12,164.2
5/10/2016 14:00:00,164.34,164.36,164.12,164.17
5/10/2016 13:00:00,164.22,164.35,164.2,164.34
5/10/2016 12:00:00,164.23,164.29,164.15,164.22
5/10/2016 11:00:00,164.1,164.25,164.08,164.23
5/10/2016 10:00:00,163.97,164.13,163.92,164.11
5/10/2016 9:00:00,163.91,163.98,163.86,163.97
5/10/2016 8:00:00,163.95,163.99,163.88,163.91
5/10/2016 7:00:00,164.05,164.11,163.91,163.94
5/9/2016 21:00:00,164.06,164.06,164.06,164.06
5/9/2016 20:00:00,164.06,164.09,164.06,164.09
5/9/2016 19:00:00,164.07,164.09,164.05,164.06
5/9/2016 18:00:00,164.09,164.1,164.05,164.07
5/9/2016 17:00:00,164.11,164.14,164.05,164.1
5/9/2016 16:00:00,164.1,164.13,164.02,164.11
5/9/2016 15:00:00,163.87,164.14,163.81,164.11
5/9/2016 14:00:00,164.02,164.02,163.86,163.87
5/9/2016 13:00:00,163.98,164.02,163.88,164.02
5/9/2016 12:00:00,163.92,164.04,163.88,163.98
5/9/2016 11:00:00,163.69,163.95,163.69,163.93
5/9/2016 10:00:00,163.67,163.7,163.61,163.7
5/9/2016 9:00:00,163.74,163.81,163.62,163.66
5/9/2016 8:00:00,163.63,163.85,163.61,163.74
5/9/2016 7:00:00,163.52,163.72,163.5,163.63
5/6/2016 21:00:00,163.61,163.61,163.61,163.61
5/6/2016 20:00:00,163.68,163.68,163.61,163.61
5/6/2016 19:00:00,163.68,163.71,163.62,163.67
5/6/2016 18:00:00,163.84,163.84,163.67,163.67
5/6/2016 17:00:00,163.86,163.88,163.8,163.84
5/6/2016 16:00:00,163.83,163.88,163.75,163.86
5/6/2016 15:00:00,163.6,163.84,163.51,163.83
5/6/2016 14:00:00,163.82,163.82,163.42,163.59
5/6/2016 13:00:00,163.68,163.93,163.58,163.82
5/6/2016 12:00:00,163.68,163.74,163.64,163.68
5/6/2016 11:00:00,163.66,163.72,163.62,163.68
5/6/2016 10:00:00,163.66,163.74,163.62,163.65
5/6/2016 9:00:00,163.59,163.67,163.55,163.66
5/6/2016 8:00:00,163.72,163.79,163.51,163.59
5/6/2016 7:00:00,163.8,163.8,163.65,163.72
5/5/2016 21:00:00,163.83,163.83,163.83,163.83
5/5/2016 20:00:00,163.81,163.85,163.8,163.83
5/5/2016 19:00:00,163.79,163.86,163.77,163.81
5/5/2016 18:00:00,163.66,163.8,163.66,163.78
5/5/2016 17:00:00,163.62,163.69,163.57,163.67
5/5/2016 16:00:00,163.43,163.66,163.41,163.61
5/5/2016 15:00:00,163.32,163.46,163.24,163.43
5/5/2016 14:00:00,163.38,163.44,163.28,163.32
5/5/2016 13:00:00,163.06,163.43,163.06,163.39
5/5/2016 12:00:00,163.12,163.24,163.05,163.06
5/5/2016 11:00:00,162.95,163.25,162.95,163.12
5/5/2016 10:00:00,162.84,162.95,162.73,162.95
5/5/2016 9:00:00,162.87,162.98,162.82,162.84
5/5/2016 8:00:00,162.85,162.92,162.76,162.87
5/5/2016 7:00:00,162.99,163.01,162.82,162.86
5/4/2016 21:00:00,163.05,163.05,163.05,163.05
5/4/2016 20:00:00,162.99,163.05,162.98,163.04
5/4/2016 19:00:00,163,163.01,162.93,162.99
5/4/2016 18:00:00,162.98,163.05,162.95,162.99
5/4/2016 17:00:00,162.96,163,162.86,162.98
5/4/2016 16:00:00,163,163.04,162.9,162.97
5/4/2016 15:00:00,162.77,163.02,162.68,163.01
5/4/2016 14:00:00,163.01,163.02,162.76,162.77
5/4/2016 13:00:00,162.91,163.09,162.82,163.01
5/4/2016 12:00:00,163.02,163.02,162.89,162.91
5/4/2016 11:00:00,162.96,163.05,162.9,163.01
5/4/2016 10:00:00,162.9,163.04,162.85,162.95
5/4/2016 9:00:00,162.7,162.99,162.69,162.9
5/4/2016 8:00:00,162.82,162.84,162.67,162.71
5/4/2016 7:00:00,162.9,162.93,162.71,162.81
5/3/2016 21:00:00,162.9,162.9,162.9,162.9
5/3/2016 20:00:00,162.9,162.93,162.88,162.88
5/3/2016 19:00:00,162.94,162.95,162.89,162.9
5/3/2016 18:00:00,162.97,162.98,162.93,162.95
5/3/2016 17:00:00,163,163.04,162.95,162.96
5/3/2016 16:00:00,163.03,163.09,162.98,163
5/3/2016 15:00:00,163.04,163.12,162.93,163.02
5/3/2016 14:00:00,162.74,163.07,162.72,163.05
5/3/2016 13:00:00,162.59,162.83,162.59,162.74
5/3/2016 12:00:00,162.72,162.82,162.59,162.6
5/3/2016 11:00:00,162.45,162.83,162.44,162.72
5/3/2016 10:00:00,162.44,162.47,162.36,162.44
5/3/2016 9:00:00,162.07,162.54,162.02,162.44
5/3/2016 8:00:00,162,162.12,162,162.06
5/3/2016 7:00:00,162.03,162.08,161.9,162.01
5/2/2016 21:00:00,161.9,161.9,161.9,161.9
5/2/2016 20:00:00,161.88,161.95,161.86,161.9
5/2/2016 19:00:00,161.97,161.98,161.86,161.89
5/2/2016 18:00:00,162.06,162.1,161.95,161.97
5/2/2016 17:00:00,162.07,162.11,162.02,162.06
5/2/2016 16:00:00,162.01,162.08,161.84,162.07
5/2/2016 15:00:00,162.14,162.15,161.89,162
5/2/2016 14:00:00,162.04,162.14,161.94,162.14
5/2/2016 13:00:00,162.35,162.36,162.04,162.04
5/2/2016 12:00:00,162.34,162.4,162.29,162.34
5/2/2016 11:00:00,162.31,162.38,162.26,162.34
5/2/2016 10:00:00,162.21,162.32,162.18,162.31
5/2/2016 9:00:00,162.2,162.22,162.09,162.2
5/2/2016 8:00:00,162.16,162.27,162.14,162.21
5/2/2016 7:00:00,162.05,162.17,162.01,162.15
4/29/2016 21:00:00,161.98,161.98,161.98,161.98
4/29/2016 20:00:00,162.05,162.07,161.98,161.98
4/29/2016 19:00:00,161.97,162.06,161.91,162.06
4/29/2016 18:00:00,161.86,161.97,161.81,161.96
4/29/2016 17:00:00,162.04,162.05,161.81,161.87
4/29/2016 16:00:00,161.79,162.1,161.76,162.03
4/29/2016 15:00:00,161.85,161.94,161.57,161.8
4/29/2016 14:00:00,161.92,162,161.75,161.84
4/29/2016 13:00:00,162.19,162.21,161.65,161.92
4/29/2016 12:00:00,162.26,162.28,162.17,162.2
4/29/2016 11:00:00,162.36,162.37,162.12,162.26
4/29/2016 10:00:00,162.44,162.48,162.33,162.36
4/29/2016 9:00:00,162.38,162.46,162.25,162.44
4/29/2016 8:00:00,162.57,162.59,162.36,162.38
4/29/2016 7:00:00,162.45,162.6,162.34,162.57
4/28/2016 21:00:00,162.45,162.45,162.45,162.45
4/28/2016 20:00:00,162.36,162.49,162.36,162.48
4/28/2016 19:00:00,162.34,162.37,162.31,162.37
4/28/2016 18:00:00,162.27,162.36,162.27,162.33
4/28/2016 17:00:00,162.25,162.3,162.23,162.26
4/28/2016 16:00:00,162.28,162.39,162.23,162.24
4/28/2016 15:00:00,162.31,162.37,162.21,162.28
4/28/2016 14:00:00,162.35,162.4,162.22,162.31
4/28/2016 13:00:00,162.53,162.56,162.28,162.36
4/28/2016 12:00:00,162.52,162.63,162.48,162.54
4/28/2016 11:00:00,162.62,162.64,162.47,162.53
4/28/2016 10:00:00,162.74,162.79,162.6,162.61
4/28/2016 9:00:00,162.49,162.79,162.44,162.74
4/28/2016 8:00:00,162.62,162.67,162.44,162.49
4/28/2016 7:00:00,162.28,162.67,162.26,162.61
4/27/2016 21:00:00,162.14,162.14,162.14,162.14
4/27/2016 20:00:00,162.13,162.15,162.07,162.14
4/27/2016 19:00:00,161.85,162.15,161.71,162.13
4/27/2016 18:00:00,161.84,161.86,161.81,161.84
4/27/2016 17:00:00,161.83,161.86,161.79,161.83
4/27/2016 16:00:00,161.82,161.93,161.74,161.83
4/27/2016 15:00:00,161.7,161.84,161.64,161.81
4/27/2016 14:00:00,161.76,161.78,161.53,161.7
4/27/2016 13:00:00,161.77,161.86,161.7,161.76
4/27/2016 12:00:00,161.88,161.91,161.74,161.77
4/27/2016 11:00:00,161.78,161.89,161.73,161.88
4/27/2016 10:00:00,161.74,161.81,161.62,161.78
4/27/2016 9:00:00,161.78,161.79,161.67,161.73
4/27/2016 8:00:00,161.72,161.82,161.65,161.78
4/27/2016 7:00:00,161.65,161.76,161.62,161.72
4/26/2016 21:00:00,161.54,161.54,161.54,161.54
4/26/2016 20:00:00,161.56,161.56,161.51,161.54
4/26/2016 19:00:00,161.5,161.58,161.5,161.56
4/26/2016 18:00:00,161.5,161.58,161.48,161.51
4/26/2016 17:00:00,161.61,161.62,161.46,161.51
4/26/2016 16:00:00,161.68,161.7,161.56,161.62
4/26/2016 15:00:00,161.74,161.81,161.65,161.68
4/26/2016 14:00:00,161.69,161.85,161.65,161.74
4/26/2016 13:00:00,161.82,161.89,161.63,161.69
4/26/2016 12:00:00,161.84,161.94,161.78,161.83
4/26/2016 11:00:00,161.93,162.03,161.82,161.84
4/26/2016 10:00:00,162,162.06,161.88,161.93
4/26/2016 9:00:00,162.17,162.26,161.91,162
4/26/2016 8:00:00,162.25,162.25,162.09,162.17
4/26/2016 7:00:00,162.22,162.31,162.19,162.25
4/25/2016 21:00:00,162.1,162.1,162.1,162.1
4/25/2016 20:00:00,162.06,162.15,162.06,162.1
4/25/2016 19:00:00,162.1,162.13,162.06,162.06
4/25/2016 18:00:00,162.12,162.12,162,162.1
4/25/2016 17:00:00,162.11,162.13,162.06,162.12
4/25/2016 16:00:00,162.17,162.19,162.01,162.11
4/25/2016 15:00:00,161.98,162.24,161.92,162.16
4/25/2016 14:00:00,162.4,162.4,161.9,162
4/25/2016 13:00:00,162.67,162.7,162.39,162.41
4/25/2016 12:00:00,162.69,162.76,162.66,162.68
4/25/2016 11:00:00,162.64,162.71,162.6,162.69
4/25/2016 10:00:00,162.79,162.8,162.59,162.64
4/25/2016 9:00:00,162.6,162.79,162.6,162.79
4/25/2016 8:00:00,162.52,162.65,162.49,162.6
4/25/2016 7:00:00,162.7,162.79,162.43,162.52
4/22/2016 21:00:00,162.59,162.59,162.59,162.59
4/22/2016 20:00:00,162.54,162.6,162.53,162.59
4/22/2016 19:00:00,162.53,162.55,162.48,162.54
4/22/2016 18:00:00,162.58,162.58,162.49,162.53
4/22/2016 17:00:00,162.5,162.6,162.48,162.57
4/22/2016 16:00:00,162.48,162.51,162.46,162.51
4/22/2016 15:00:00,162.39,162.49,162.34,162.47
4/22/2016 14:00:00,162.41,162.5,162.38,162.38
4/22/2016 13:00:00,162.54,162.56,162.41,162.42
4/22/2016 12:00:00,162.58,162.64,162.53,162.54
4/22/2016 11:00:00,162.58,162.62,162.55,162.58
4/22/2016 10:00:00,162.66,162.68,162.56,162.59
4/22/2016 9:00:00,162.5,162.68,162.45,162.65
4/22/2016 8:00:00,162.53,162.59,162.43,162.49
4/22/2016 7:00:00,162.57,162.66,162.47,162.53
4/21/2016 21:00:00,162.55,162.55,162.55,162.55
4/21/2016 20:00:00,162.51,162.57,162.47,162.56
4/21/2016 19:00:00,162.47,162.52,162.45,162.51
4/21/2016 18:00:00,162.42,162.49,162.39,162.47
4/21/2016 17:00:00,162.38,162.48,162.36,162.42
4/21/2016 16:00:00,162.65,162.66,162.37,162.37
4/21/2016 15:00:00,162.82,162.87,162.65,162.66
4/21/2016 14:00:00,162.49,162.83,162.33,162.81
4/21/2016 13:00:00,162.64,162.78,162.33,162.49
4/21/2016 12:00:00,162.67,162.75,162.56,162.64
4/21/2016 11:00:00,162.8,162.81,162.62,162.67
4/21/2016 10:00:00,162.92,162.95,162.72,162.79
4/21/2016 9:00:00,163.09,163.1,162.9,162.92
4/21/2016 8:00:00,163.26,163.34,163.05,163.09
4/21/2016 7:00:00,163.22,163.28,163.14,163.27
4/20/2016 21:00:00,163.25,163.25,163.25,163.25
4/20/2016 20:00:00,163.22,163.28,163.19,163.25
4/20/2016 19:00:00,163.37,163.39,163.22,163.22
4/20/2016 18:00:00,163.42,163.43,163.36,163.37
4/20/2016 17:00:00,163.57,163.58,163.38,163.42
4/20/2016 16:00:00,163.68,163.74,163.57,163.57
4/20/2016 15:00:00,163.6,163.73,163.53,163.67
4/20/2016 14:00:00,163.5,163.65,163.47,163.59
4/20/2016 13:00:00,163.44,163.58,163.42,163.5
4/20/2016 12:00:00,163.4,163.46,163.34,163.43
4/20/2016 11:00:00,163.5,163.56,163.39,163.4
4/20/2016 10:00:00,163.64,163.68,163.46,163.51
4/20/2016 9:00:00,163.67,163.69,163.58,163.64
4/20/2016 8:00:00,163.63,163.7,163.58,163.67
4/20/2016 7:00:00,163.52,163.69,163.5,163.63
4/19/2016 21:00:00,163.32,163.32,163.32,163.32
4/19/2016 20:00:00,163.33,163.34,163.31,163.32
4/19/2016 19:00:00,163.36,163.39,163.33,163.34
4/19/2016 18:00:00,163.44,163.44,163.35,163.36
4/19/2016 17:00:00,163.35,163.47,163.34,163.43
4/19/2016 16:00:00,163.14,163.35,163.11,163.35
4/19/2016 15:00:00,163.23,163.25,163.09,163.13
4/19/2016 14:00:00,163.32,163.34,163.18,163.23
4/19/2016 13:00:00,163.26,163.36,163.17,163.32
4/19/2016 12:00:00,163.25,163.39,163.24,163.26
4/19/2016 11:00:00,163.18,163.31,163.17,163.26
4/19/2016 10:00:00,163.28,163.33,163.11,163.19
4/19/2016 9:00:00,163.44,163.45,163.27,163.28
4/19/2016 8:00:00,163.51,163.6,163.4,163.44
4/19/2016 7:00:00,163.4,163.54,163.31,163.51
4/18/2016 21:00:00,163.49,163.49,163.49,163.49
4/18/2016 20:00:00,163.48,163.51,163.46,163.49
4/18/2016 19:00:00,163.47,163.5,163.46,163.49
4/18/2016 18:00:00,163.42,163.48,163.42,163.47
4/18/2016 17:00:00,163.46,163.51,163.41,163.42
4/18/2016 16:00:00,163.57,163.58,163.36,163.47
4/18/2016 15:00:00,163.61,163.67,163.52,163.57
4/18/2016 14:00:00,163.59,163.67,163.51,163.61
4/18/2016 13:00:00,163.75,163.82,163.54,163.58
4/18/2016 12:00:00,163.68,163.77,163.65,163.74
4/18/2016 11:00:00,163.84,163.88,163.63,163.68
4/18/2016 10:00:00,163.92,163.94,163.8,163.84
4/18/2016 9:00:00,163.95,164.06,163.86,163.91
4/18/2016 8:00:00,163.92,163.98,163.8,163.94
4/18/2016 7:00:00,164.09,164.17,163.9,163.92
4/15/2016 21:00:00,163.84,163.84,163.84,163.84
4/15/2016 20:00:00,163.88,163.91,163.84,163.84
4/15/2016 19:00:00,163.96,163.96,163.88,163.88
4/15/2016 18:00:00,163.93,163.97,163.93,163.96
4/15/2016 17:00:00,163.94,164,163.9,163.94
4/15/2016 16:00:00,163.94,163.97,163.82,163.94
4/15/2016 15:00:00,163.73,163.96,163.73,163.95
4/15/2016 14:00:00,163.72,163.76,163.57,163.72
4/15/2016 13:00:00,163.77,163.79,163.64,163.71
4/15/2016 12:00:00,163.77,163.82,163.71,163.77
4/15/2016 11:00:00,163.69,163.85,163.69,163.77
4/15/2016 10:00:00,163.72,163.75,163.66,163.7
4/15/2016 9:00:00,163.7,163.73,163.57,163.73
4/15/2016 8:00:00,163.54,163.75,163.52,163.71
4/15/2016 7:00:00,163.34,163.61,163.27,163.55
4/14/2016 21:00:00,163.34,163.34,163.34,163.34
4/14/2016 20:00:00,163.37,163.37,163.29,163.33
4/14/2016 19:00:00,163.37,163.38,163.27,163.37
4/14/2016 18:00:00,163.29,163.43,163.29,163.37
4/14/2016 17:00:00,163.38,163.42,163.28,163.31
4/14/2016 16:00:00,163.53,163.55,163.35,163.38
4/14/2016 15:00:00,163.55,163.64,163.45,163.53
4/14/2016 14:00:00,163.27,163.58,163.25,163.55
4/14/2016 13:00:00,163.46,163.55,163.17,163.28
4/14/2016 12:00:00,163.51,163.52,163.4,163.46
4/14/2016 11:00:00,163.56,163.65,163.45,163.52
4/14/2016 10:00:00,163.68,163.73,163.5,163.55
4/14/2016 9:00:00,163.9,163.98,163.68,163.68
4/14/2016 8:00:00,163.89,163.96,163.78,163.9
4/14/2016 7:00:00,163.86,163.94,163.8,163.89
4/13/2016 21:00:00,163.91,163.91,163.91,163.91
4/13/2016 20:00:00,163.93,163.95,163.91,163.91
4/13/2016 19:00:00,163.9,163.95,163.89,163.94
4/13/2016 18:00:00,163.87,163.96,163.86,163.9
4/13/2016 17:00:00,163.89,163.96,163.86,163.87
4/13/2016 16:00:00,163.71,163.9,163.67,163.9
4/13/2016 15:00:00,163.52,163.73,163.52,163.71
4/13/2016 14:00:00,163.56,163.57,163.44,163.52
4/13/2016 13:00:00,163.54,163.63,163.47,163.55
4/13/2016 12:00:00,163.47,163.56,163.46,163.53
4/13/2016 11:00:00,163.43,163.58,163.41,163.46
4/13/2016 10:00:00,163.64,163.65,163.39,163.43
4/13/2016 9:00:00,163.61,163.67,163.54,163.63
4/13/2016 8:00:00,163.52,163.63,163.44,163.61
4/13/2016 7:00:00,163.25,163.53,163.16,163.51
4/12/2016 21:00:00,163.33,163.33,163.33,163.33
4/12/2016 20:00:00,163.27,163.34,163.25,163.33
4/12/2016 19:00:00,163.31,163.31,163.27,163.27
4/12/2016 18:00:00,163.26,163.35,163.25,163.3
4/12/2016 17:00:00,163.36,163.4,163.24,163.25
4/12/2016 16:00:00,163.55,163.56,163.36,163.37
4/12/2016 15:00:00,163.6,163.7,163.53,163.55
4/12/2016 14:00:00,163.65,163.69,163.46,163.6
4/12/2016 13:00:00,163.53,163.66,163.51,163.65
4/12/2016 12:00:00,163.61,163.61,163.48,163.52
4/12/2016 11:00:00,163.58,163.66,163.56,163.62
4/12/2016 10:00:00,163.56,163.66,163.55,163.58
4/12/2016 9:00:00,163.64,163.67,163.43,163.57
4/12/2016 8:00:00,163.81,163.87,163.64,163.64
4/12/2016 7:00:00,164.01,164.02,163.8,163.8
4/11/2016 21:00:00,164.07,164.07,164.07,164.07
4/11/2016 20:00:00,164.08,164.09,164.03,164.06
4/11/2016 19:00:00,164.09,164.09,164.04,164.08
4/11/2016 18:00:00,164.09,164.13,164.06,164.09
4/11/2016 17:00:00,164.1,164.15,164.08,164.08
4/11/2016 16:00:00,163.97,164.17,163.97,164.1
4/11/2016 15:00:00,163.74,163.98,163.74,163.97
4/11/2016 14:00:00,163.88,163.9,163.74,163.74
4/11/2016 13:00:00,164.03,164.08,163.88,163.88
4/11/2016 12:00:00,163.96,164.06,163.94,164.03
4/11/2016 11:00:00,164.33,164.35,163.9,163.96
4/11/2016 10:00:00,164.45,164.46,164.33,164.33
4/11/2016 9:00:00,164.45,164.49,164.36,164.45
4/11/2016 8:00:00,164.36,164.6,164.36,164.45
4/11/2016 7:00:00,164.4,164.41,164.29,164.36
4/8/2016 21:00:00,164.33,164.33,164.33,164.33
4/8/2016 20:00:00,164.32,164.39,164.32,164.33
4/8/2016 19:00:00,164.32,164.35,164.3,164.33
4/8/2016 18:00:00,164.29,164.34,164.28,164.32
4/8/2016 17:00:00,164.29,164.3,164.26,164.29
4/8/2016 16:00:00,164.22,164.33,164.17,164.29
4/8/2016 15:00:00,164.22,164.24,164.15,164.22
4/8/2016 14:00:00,164.13,164.3,164.08,164.22
4/8/2016 13:00:00,164.23,164.23,164.05,164.14
4/8/2016 12:00:00,164.23,164.27,164.17,164.23
4/8/2016 11:00:00,164.24,164.27,164.19,164.23
4/8/2016 10:00:00,164.17,164.27,164.14,164.24
4/8/2016 9:00:00,164.18,164.28,164.11,164.16
4/8/2016 8:00:00,164.27,164.32,164.1,164.18
4/8/2016 7:00:00,164.18,164.37,164.17,164.27
4/7/2016 21:00:00,164.39,164.39,164.39,164.39
4/7/2016 20:00:00,164.42,164.43,164.37,164.38
4/7/2016 19:00:00,164.38,164.43,164.38,164.42
4/7/2016 18:00:00,164.38,164.39,164.31,164.38
4/7/2016 17:00:00,164.34,164.43,164.34,164.38
4/7/2016 16:00:00,164.31,164.43,164.3,164.35
4/7/2016 15:00:00,164.27,164.39,164.26,164.31
4/7/2016 14:00:00,164.16,164.34,164.12,164.27
4/7/2016 13:00:00,164.06,164.19,164.01,164.17
4/7/2016 12:00:00,164.18,164.2,164.03,164.05
4/7/2016 11:00:00,164.16,164.21,164.12,164.19
4/7/2016 10:00:00,164.1,164.2,163.97,164.16
4/7/2016 9:00:00,164.12,164.18,164.03,164.1
4/7/2016 8:00:00,163.94,164.15,163.9,164.12
4/7/2016 7:00:00,164,164,163.82,163.94
4/6/2016 21:00:00,163.95,163.95,163.95,163.95
4/6/2016 20:00:00,163.95,163.96,163.88,163.92
4/6/2016 19:00:00,163.89,163.98,163.85,163.93
4/6/2016 18:00:00,163.94,163.95,163.87,163.89
4/6/2016 17:00:00,163.9,163.95,163.89,163.95
4/6/2016 16:00:00,163.95,163.99,163.89,163.9
4/6/2016 15:00:00,163.9,164.02,163.87,163.95
4/6/2016 14:00:00,163.83,163.96,163.82,163.91
4/6/2016 13:00:00,163.85,163.98,163.81,163.84
4/6/2016 12:00:00,163.88,163.93,163.81,163.86
4/6/2016 11:00:00,163.79,163.9,163.76,163.89
4/6/2016 10:00:00,163.94,163.95,163.72,163.78
4/6/2016 9:00:00,164.05,164.09,163.9,163.95
4/6/2016 8:00:00,164.24,164.28,164.02,164.06
4/6/2016 7:00:00,164.1,164.26,164.08,164.24
4/5/2016 21:00:00,164.28,164.28,164.28,164.28
4/5/2016 20:00:00,164.27,164.3,164.26,164.28
4/5/2016 19:00:00,164.28,164.3,164.23,164.26
4/5/2016 18:00:00,164.23,164.3,164.23,164.27
4/5/2016 17:00:00,164.15,164.27,164.11,164.23
4/5/2016 16:00:00,164.15,164.22,164.06,164.16
4/5/2016 15:00:00,164.26,164.3,164.15,164.15
4/5/2016 14:00:00,164.19,164.35,164.18,164.27
4/5/2016 13:00:00,164.22,164.28,164.13,164.19
4/5/2016 12:00:00,164.37,164.38,164.22,164.22
4/5/2016 11:00:00,164.31,164.43,164.29,164.38
4/5/2016 10:00:00,164.22,164.34,164.14,164.32
4/5/2016 9:00:00,164.2,164.32,164.18,164.23
4/5/2016 8:00:00,164,164.28,164,164.2
4/5/2016 7:00:00,163.89,164.06,163.87,164
4/4/2016 21:00:00,163.75,163.75,163.75,163.75
4/4/2016 20:00:00,163.71,163.78,163.71,163.74
4/4/2016 19:00:00,163.76,163.77,163.7,163.71
4/4/2016 18:00:00,163.78,163.79,163.73,163.75
4/4/2016 17:00:00,163.69,163.8,163.69,163.78
4/4/2016 16:00:00,163.6,163.77,163.59,163.7
4/4/2016 15:00:00,163.51,163.62,163.48,163.6
4/4/2016 14:00:00,163.65,163.67,163.47,163.51
4/4/2016 13:00:00,163.55,163.67,163.49,163.66
4/4/2016 12:00:00,163.44,163.57,163.43,163.56
4/4/2016 11:00:00,163.6,163.61,163.44,163.44
4/4/2016 10:00:00,163.69,163.71,163.56,163.6
4/4/2016 9:00:00,163.61,163.72,163.55,163.68
4/4/2016 8:00:00,163.78,163.8,163.61,163.62
4/4/2016 7:00:00,163.88,163.93,163.7,163.77
4/1/2016 21:00:00,163.73,163.73,163.73,163.73
4/1/2016 20:00:00,163.66,163.78,163.66,163.77
4/1/2016 19:00:00,163.77,163.77,163.66,163.66
4/1/2016 18:00:00,163.76,163.79,163.73,163.77
4/1/2016 17:00:00,163.67,163.8,163.65,163.76
4/1/2016 16:00:00,163.48,163.69,163.47,163.67
4/1/2016 15:00:00,163.62,163.66,163.45,163.48
4/1/2016 14:00:00,163.59,163.78,163.58,163.61
4/1/2016 13:00:00,163.52,163.65,163.33,163.59
4/1/2016 12:00:00,163.52,163.57,163.48,163.52
4/1/2016 11:00:00,163.38,163.6,163.38,163.52
4/1/2016 10:00:00,163.28,163.39,163.27,163.39
4/1/2016 9:00:00,163.34,163.37,163.24,163.29
4/1/2016 8:00:00,163.36,163.41,163.28,163.35
4/1/2016 7:00:00,163.43,163.48,163.31,163.35
3/31/2016 21:00:00,163.52,163.52,163.52,163.52
3/31/2016 20:00:00,163.47,163.58,163.46,163.53
3/31/2016 19:00:00,163.43,163.47,163.39,163.47
3/31/2016 18:00:00,163.37,163.43,163.37,163.42
3/31/2016 17:00:00,163.42,163.44,163.35,163.37
3/31/2016 16:00:00,163.32,163.43,163.25,163.42
3/31/2016 15:00:00,163.18,163.32,163.03,163.31
3/31/2016 14:00:00,163.23,163.3,163.05,163.18
3/31/2016 13:00:00,163.45,163.48,163.21,163.23
3/31/2016 12:00:00,163.47,163.48,163.35,163.45
3/31/2016 11:00:00,163.48,163.55,163.46,163.46
3/31/2016 10:00:00,163.52,163.59,163.41,163.48
3/31/2016 9:00:00,163.55,163.59,163.49,163.52
3/31/2016 8:00:00,163.43,163.61,163.43,163.55
3/31/2016 7:00:00,163.59,163.64,163.4,163.43
3/30/2016 21:00:00,163.55,163.55,163.55,163.55
3/30/2016 20:00:00,163.51,163.59,163.5,163.56
3/30/2016 19:00:00,163.4,163.52,163.39,163.5
3/30/2016 18:00:00,163.37,163.51,163.36,163.4
3/30/2016 17:00:00,163.35,163.41,163.35,163.36
3/30/2016 16:00:00,163.24,163.37,163.14,163.36
3/30/2016 15:00:00,163.19,163.33,163.13,163.25
3/30/2016 14:00:00,163.5,163.56,163.19,163.2
3/30/2016 13:00:00,163.5,163.55,163.38,163.5
3/30/2016 12:00:00,163.47,163.57,163.46,163.51
3/30/2016 11:00:00,163.62,163.65,163.44,163.47
3/30/2016 10:00:00,163.63,163.68,163.61,163.62
3/30/2016 9:00:00,163.47,163.66,163.44,163.63
3/30/2016 8:00:00,163.72,163.75,163.44,163.48
3/30/2016 7:00:00,163.67,163.84,163.66,163.73
3/29/2016 21:00:00,163.79,163.79,163.79,163.79
3/29/2016 20:00:00,163.74,163.83,163.73,163.77
3/29/2016 19:00:00,163.7,163.76,163.66,163.74
3/29/2016 18:00:00,163.69,163.77,163.65,163.71
3/29/2016 17:00:00,163.63,163.8,163.59,163.69
3/29/2016 16:00:00,163.43,163.69,163.4,163.63
3/29/2016 15:00:00,163.49,163.5,163.36,163.43
3/29/2016 14:00:00,163.5,163.53,163.46,163.5
3/29/2016 13:00:00,163.42,163.56,163.41,163.51
3/29/2016 12:00:00,163.46,163.56,163.4,163.42
3/29/2016 11:00:00,163.56,163.56,163.41,163.46
3/29/2016 10:00:00,163.45,163.59,163.42,163.57
3/29/2016 9:00:00,163.44,163.53,163.42,163.45
3/29/2016 8:00:00,163.28,163.56,163.26,163.45
3/29/2016 7:00:00,163.1,163.3,163.07,163.28
3/24/2016 21:00:00,163.04,163.04,163.04,163.04
3/24/2016 20:00:00,162.96,163.06,162.94,163.02
3/24/2016 19:00:00,162.82,162.96,162.82,162.95
3/24/2016 18:00:00,162.88,162.9,162.82,162.83
3/24/2016 17:00:00,163.01,163.01,162.87,162.88
3/24/2016 16:00:00,163.06,163.09,162.98,163.01
3/24/2016 15:00:00,163.06,163.12,163,163.07
3/24/2016 14:00:00,163.24,163.24,163.06,163.06
3/24/2016 13:00:00,163.11,163.33,163.11,163.24
3/24/2016 12:00:00,163.15,163.18,163.07,163.12
3/24/2016 11:00:00,163.13,163.22,163.09,163.15
3/24/2016 10:00:00,163.08,163.18,163.07,163.13
3/24/2016 9:00:00,163.1,163.19,163.01,163.08
3/24/2016 8:00:00,162.97,163.17,162.96,163.1
3/24/2016 7:00:00,162.95,163,162.84,162.96
3/23/2016 21:00:00,162.85,162.85,162.85,162.85
3/23/2016 20:00:00,162.88,162.9,162.86,162.86
3/23/2016 19:00:00,162.93,162.93,162.88,162.88
3/23/2016 18:00:00,162.85,162.93,162.83,162.93
3/23/2016 17:00:00,162.82,162.86,162.78,162.84
3/23/2016 16:00:00,162.66,162.83,162.65,162.81
3/23/2016 15:00:00,162.41,162.72,162.37,162.66
3/23/2016 14:00:00,162.45,162.48,162.26,162.4
3/23/2016 13:00:00,162.47,162.48,162.34,162.46
3/23/2016 12:00:00,162.46,162.57,162.41,162.47
3/23/2016 11:00:00,162.32,162.52,162.32,162.45
3/23/2016 10:00:00,162.38,162.41,162.29,162.32
3/23/2016 9:00:00,162.32,162.46,162.26,162.39
3/23/2016 8:00:00,162.34,162.4,162.22,162.32
3/23/2016 7:00:00,162.3,162.45,162.25,162.34
3/22/2016 21:00:00,162.34,162.34,162.34,162.34
3/22/2016 20:00:00,162.35,162.36,162.3,162.36
3/22/2016 19:00:00,162.36,162.4,162.32,162.34
3/22/2016 18:00:00,162.41,162.44,162.34,162.36
3/22/2016 17:00:00,162.56,162.57,162.4,162.42
3/22/2016 16:00:00,162.54,162.62,162.47,162.56
3/22/2016 15:00:00,162.5,162.6,162.44,162.54
3/22/2016 14:00:00,162.4,162.6,162.37,162.5
3/22/2016 13:00:00,162.41,162.58,162.3,162.41
3/22/2016 12:00:00,162.58,162.62,162.38,162.41
3/22/2016 11:00:00,162.69,162.72,162.5,162.58
3/22/2016 10:00:00,162.68,162.87,162.66,162.69
3/22/2016 9:00:00,162.86,162.87,162.61,162.68
3/22/2016 8:00:00,162.76,163.05,162.63,162.87
3/22/2016 7:00:00,162.47,162.77,162.39,162.75
3/21/2016 21:00:00,162.42,162.42,162.42,162.42
3/21/2016 20:00:00,162.45,162.46,162.38,162.39
3/21/2016 19:00:00,162.39,162.48,162.38,162.45
3/21/2016 18:00:00,162.4,162.43,162.36,162.39
3/21/2016 17:00:00,162.32,162.42,162.3,162.42
3/21/2016 16:00:00,162.42,162.45,162.31,162.32
3/21/2016 15:00:00,162.4,162.51,162.37,162.42
3/21/2016 14:00:00,162.38,162.52,162.33,162.4
3/21/2016 13:00:00,162.45,162.45,162.19,162.37
3/21/2016 12:00:00,162.66,162.7,162.4,162.45
3/21/2016 11:00:00,162.74,162.78,162.65,162.67
3/21/2016 10:00:00,162.95,162.98,162.71,162.75
3/21/2016 9:00:00,162.81,163,162.81,162.95
3/21/2016 8:00:00,162.54,162.86,162.51,162.82
3/21/2016 7:00:00,162.6,162.67,162.44,162.53
3/18/2016 21:00:00,162.61,162.61,162.61,162.61
3/18/2016 20:00:00,162.59,162.63,162.58,162.62
3/18/2016 19:00:00,162.68,162.68,162.56,162.6
3/18/2016 18:00:00,162.65,162.69,162.64,162.67
3/18/2016 17:00:00,162.6,162.67,162.56,162.65
3/18/2016 16:00:00,162.49,162.61,162.42,162.6
3/18/2016 15:00:00,162.68,162.68,162.45,162.5
3/18/2016 14:00:00,162.62,162.73,162.56,162.68
3/18/2016 13:00:00,162.48,162.63,162.43,162.62
3/18/2016 12:00:00,162.48,162.61,162.33,162.48
3/18/2016 11:00:00,162.67,162.7,162.4,162.49
3/18/2016 10:00:00,162.66,162.73,162.62,162.67
3/18/2016 9:00:00,162.72,162.74,162.61,162.66
3/18/2016 8:00:00,162.66,162.8,162.62,162.73
3/18/2016 7:00:00,162.49,162.81,162.49,162.66
3/17/2016 21:00:00,162.42,162.42,162.42,162.42
3/17/2016 20:00:00,162.44,162.46,162.42,162.42
3/17/2016 19:00:00,162.41,162.45,162.4,162.44
3/17/2016 18:00:00,162.4,162.45,162.38,162.42
3/17/2016 17:00:00,162.37,162.47,162.33,162.41
3/17/2016 16:00:00,162.29,162.39,162.29,162.36
3/17/2016 15:00:00,162.34,162.39,162.26,162.29
3/17/2016 14:00:00,162.22,162.4,162.15,162.34
3/17/2016 13:00:00,162.33,162.34,162.11,162.21
3/17/2016 12:00:00,162.22,162.46,162.18,162.34
3/17/2016 11:00:00,162.17,162.27,162.04,162.23
3/17/2016 10:00:00,162.18,162.22,161.99,162.16
3/17/2016 9:00:00,162.19,162.25,162.1,162.18
3/17/2016 8:00:00,162.08,162.31,162.04,162.19
3/17/2016 7:00:00,161.95,162.08,161.88,162.08
3/16/2016 21:00:00,161.77,161.77,161.77,161.77
3/16/2016 20:00:00,161.79,161.8,161.75,161.76
3/16/2016 19:00:00,161.61,161.8,161.6,161.79
3/16/2016 18:00:00,161.22,161.74,161.22,161.61
3/16/2016 17:00:00,161.22,161.26,161.12,161.21
3/16/2016 16:00:00,161.55,161.59,161.09,161.22
3/16/2016 15:00:00,161.62,161.72,161.53,161.55
3/16/2016 14:00:00,161.53,161.65,161.44,161.63
3/16/2016 13:00:00,161.37,161.55,161.33,161.53
3/16/2016 12:00:00,161.49,161.49,161.2,161.37
3/16/2016 11:00:00,161.45,161.57,161.4,161.48
3/16/2016 10:00:00,161.35,161.45,161.26,161.44
3/16/2016 9:00:00,161.35,161.37,161.23,161.34
3/16/2016 8:00:00,161.22,161.38,161.17,161.34
3/16/2016 7:00:00,161.21,161.3,161.14,161.22
3/15/2016 21:00:00,161.12,161.12,161.12,161.12
3/15/2016 20:00:00,161.03,161.11,161.02,161.11
3/15/2016 19:00:00,161.09,161.09,161.02,161.04
3/15/2016 18:00:00,161.06,161.09,161.02,161.09
3/15/2016 17:00:00,161.14,161.16,161.04,161.06
3/15/2016 16:00:00,161.31,161.33,161.09,161.15
3/15/2016 15:00:00,161.26,161.36,161.19,161.32
3/15/2016 14:00:00,161.52,161.54,161.16,161.26
3/15/2016 13:00:00,161.62,161.62,161.4,161.51
3/15/2016 12:00:00,161.59,161.76,161.53,161.62
3/15/2016 11:00:00,161.64,161.69,161.56,161.59
3/15/2016 10:00:00,161.6,161.78,161.59,161.65
3/15/2016 9:00:00,161.58,161.63,161.41,161.61
3/15/2016 8:00:00,161.5,161.69,161.43,161.59
3/15/2016 7:00:00,161.43,161.61,161.4,161.5
3/14/2016 21:00:00,161.32,161.32,161.32,161.32
3/14/2016 20:00:00,161.31,161.36,161.3,161.31
3/14/2016 19:00:00,161.31,161.34,161.26,161.3
3/14/2016 18:00:00,161.39,161.44,161.3,161.32
3/14/2016 17:00:00,161.62,161.64,161.39,161.39
3/14/2016 16:00:00,161.81,161.82,161.6,161.62
3/14/2016 15:00:00,161.85,161.94,161.77,161.8
3/14/2016 14:00:00,162.14,162.16,161.7,161.84
3/14/2016 13:00:00,162.06,162.17,162,162.13
3/14/2016 12:00:00,161.92,162.12,161.9,162.06
3/14/2016 11:00:00,161.97,161.97,161.87,161.91
3/14/2016 10:00:00,162.09,162.1,161.94,161.97
3/14/2016 9:00:00,162.18,162.2,162.02,162.09
3/14/2016 8:00:00,161.79,162.22,161.63,162.18
3/14/2016 7:00:00,161.72,161.88,161.68,161.79
3/11/2016 21:00:00,161.72,161.72,161.72,161.72
3/11/2016 20:00:00,161.84,161.85,161.74,161.74
3/11/2016 19:00:00,161.79,161.86,161.76,161.85
3/11/2016 18:00:00,161.74,161.8,161.7,161.8
3/11/2016 17:00:00,161.71,161.78,161.65,161.73
3/11/2016 16:00:00,161.86,161.91,161.59,161.72
3/11/2016 15:00:00,161.77,161.88,161.58,161.86
3/11/2016 14:00:00,161.8,161.89,161.72,161.78
3/11/2016 13:00:00,161.6,161.88,161.54,161.8
3/11/2016 12:00:00,161.62,161.75,161.51,161.6
3/11/2016 11:00:00,161.84,161.9,161.56,161.61
3/11/2016 10:00:00,161.66,161.91,161.57,161.83
3/11/2016 9:00:00,161.95,161.95,161.4,161.67
3/11/2016 8:00:00,161.65,161.96,161.47,161.95
3/11/2016 7:00:00,161.3,161.88,161.03,161.65
3/10/2016 21:00:00,161.22,161.22,161.22,161.22
3/10/2016 20:00:00,161.34,161.39,161.2,161.24
3/10/2016 19:00:00,161.28,161.44,161.24,161.33
3/10/2016 18:00:00,161.22,161.29,161.17,161.27
3/10/2016 17:00:00,161.2,161.31,161.11,161.22
3/10/2016 16:00:00,161.03,161.57,160.89,161.2
3/10/2016 15:00:00,162.62,162.64,160.81,161.02
3/10/2016 14:00:00,163.08,163.13,162.2,162.63
3/10/2016 13:00:00,162.49,163.4,162.44,163.08
3/10/2016 12:00:00,162.47,162.93,162.04,162.51
3/10/2016 11:00:00,162.61,162.62,162.41,162.48
3/10/2016 10:00:00,162.51,162.62,162.46,162.61
3/10/2016 9:00:00,162.47,162.52,162.42,162.51
3/10/2016 8:00:00,162.34,162.55,162.31,162.47
3/10/2016 7:00:00,162.16,162.4,162.12,162.33
3/9/2016 21:00:00,162.1,162.1,162.1,162.1
3/9/2016 20:00:00,162.01,162.11,161.99,162.11
3/9/2016 19:00:00,162.03,162.04,161.94,162.01
3/9/2016 18:00:00,162.15,162.17,162.01,162.03
3/9/2016 17:00:00,162.18,162.22,162.13,162.14
3/9/2016 16:00:00,162.33,162.33,162.15,162.17
3/9/2016 15:00:00,162.34,162.4,162.21,162.32
3/9/2016 14:00:00,162.33,162.41,162.27,162.34
3/9/2016 13:00:00,162.44,162.46,162.27,162.32
3/9/2016 12:00:00,162.41,162.47,162.31,162.45
3/9/2016 11:00:00,162.66,162.66,162.25,162.41
3/9/2016 10:00:00,162.74,162.82,162.65,162.66
3/9/2016 9:00:00,162.57,162.74,162.51,162.74
3/9/2016 8:00:00,162.59,162.69,162.53,162.56
3/9/2016 7:00:00,162.75,162.76,162.45,162.6
3/8/2016 21:00:00,162.82,162.82,162.82,162.82
3/8/2016 20:00:00,162.81,162.85,162.79,162.79
3/8/2016 19:00:00,162.82,162.85,162.8,162.81
3/8/2016 18:00:00,162.93,162.95,162.8,162.81
3/8/2016 17:00:00,162.99,163.03,162.92,162.94
3/8/2016 16:00:00,163.15,163.21,162.99,163.01
3/8/2016 15:00:00,163.19,163.24,163.12,163.16
3/8/2016 14:00:00,162.98,163.2,162.97,163.19
3/8/2016 13:00:00,163.08,163.11,162.94,162.98
3/8/2016 12:00:00,163.22,163.23,163.07,163.08
3/8/2016 11:00:00,163.21,163.26,163.11,163.22
3/8/2016 10:00:00,163.11,163.29,163.09,163.21
3/8/2016 9:00:00,163.12,163.2,163.06,163.11
3/8/2016 8:00:00,162.93,163.22,162.87,163.12
3/8/2016 7:00:00,162.6,162.96,162.59,162.94
3/7/2016 21:00:00,162.4,162.4,162.4,162.4
3/7/2016 20:00:00,162.42,162.44,162.39,162.41
3/7/2016 19:00:00,162.34,162.45,162.33,162.43
3/7/2016 18:00:00,162.34,162.4,162.32,162.34
3/7/2016 17:00:00,162.4,162.41,162.33,162.34
3/7/2016 16:00:00,162.57,162.62,162.39,162.39
3/7/2016 15:00:00,162.64,162.65,162.45,162.58
3/7/2016 14:00:00,162.64,162.7,162.57,162.63
3/7/2016 13:00:00,162.55,162.7,162.44,162.64
3/7/2016 12:00:00,162.63,162.63,162.5,162.55
3/7/2016 11:00:00,162.71,162.71,162.62,162.62
3/7/2016 10:00:00,162.69,162.73,162.64,162.71
3/7/2016 9:00:00,162.68,162.7,162.55,162.69
3/7/2016 8:00:00,162.54,162.76,162.53,162.68
3/7/2016 7:00:00,162.47,162.66,162.43,162.54
3/4/2016 21:00:00,162.49,162.49,162.49,162.49
3/4/2016 20:00:00,162.4,162.49,162.4,162.48
3/4/2016 19:00:00,162.17,162.45,162.17,162.4
3/4/2016 18:00:00,162.26,162.27,162.15,162.17
3/4/2016 17:00:00,162.17,162.27,162.11,162.27
3/4/2016 16:00:00,162.38,162.38,162.13,162.17
3/4/2016 15:00:00,162.66,162.69,162.37,162.37
3/4/2016 14:00:00,162.72,162.82,162.59,162.66
3/4/2016 13:00:00,162.71,162.77,162.37,162.72
3/4/2016 12:00:00,162.66,162.7,162.59,162.7
3/4/2016 11:00:00,162.61,162.72,162.6,162.67
3/4/2016 10:00:00,162.83,162.88,162.57,162.61
3/4/2016 9:00:00,163.05,163.07,162.78,162.85
3/4/2016 8:00:00,163,163.1,162.92,163.05
3/4/2016 7:00:00,163.1,163.1,162.95,163
3/3/2016 20:00:00,163.08,163.11,163.04,163.04
3/3/2016 19:00:00,163.05,163.11,163.03,163.11
3/3/2016 18:00:00,163.15,163.15,163.04,163.06
3/3/2016 17:00:00,163.08,163.2,163.07,163.16
3/3/2016 16:00:00,162.88,163.15,162.84,163.07
3/3/2016 15:00:00,162.86,162.98,162.75,162.87
3/3/2016 14:00:00,162.69,162.9,162.68,162.85
3/3/2016 13:00:00,162.72,162.84,162.65,162.68
3/3/2016 12:00:00,162.72,162.76,162.66,162.73
3/3/2016 11:00:00,162.74,162.76,162.7,162.72
3/3/2016 10:00:00,162.67,162.86,162.55,162.75
3/3/2016 9:00:00,162.56,162.8,162.52,162.67
3/3/2016 8:00:00,162.2,162.63,162.2,162.56
3/3/2016 7:00:00,162.45,162.47,162.11,162.2
3/2/2016 20:00:00,162.5,162.56,162.49,162.53
3/2/2016 19:00:00,162.51,162.57,162.48,162.5
3/2/2016 18:00:00,162.48,162.58,162.48,162.5
3/2/2016 17:00:00,162.54,162.55,162.46,162.49
3/2/2016 16:00:00,162.71,162.72,162.41,162.53
3/2/2016 15:00:00,162.82,162.85,162.58,162.72
3/2/2016 14:00:00,162.91,162.97,162.7,162.82
3/2/2016 13:00:00,162.96,163.13,162.74,162.9
3/2/2016 12:00:00,162.81,162.97,162.77,162.95
3/2/2016 11:00:00,162.82,162.84,162.7,162.79
3/2/2016 10:00:00,162.52,162.86,162.52,162.82
3/2/2016 9:00:00,162.71,162.76,162.41,162.51
3/2/2016 8:00:00,163,163.01,162.71,162.73
3/2/2016 7:00:00,163.15,163.18,162.93,163
3/1/2016 21:00:00,163.35,163.35,163.35,163.35
3/1/2016 20:00:00,163.22,163.26,163.21,163.25
3/1/2016 19:00:00,163.23,163.25,163.21,163.23
3/1/2016 18:00:00,163.27,163.27,163.24,163.24
3/1/2016 17:00:00,163.38,163.4,163.2,163.25
3/1/2016 16:00:00,163.44,163.44,163.3,163.39
3/1/2016 15:00:00,163.61,163.63,163.17,163.44
3/1/2016 14:00:00,163.71,163.83,163.6,163.6
3/1/2016 13:00:00,163.53,163.74,163.53,163.71
3/1/2016 12:00:00,163.61,163.61,163.49,163.54
3/1/2016 11:00:00,163.59,163.7,163.59,163.61
3/1/2016 10:00:00,163.65,163.67,163.47,163.57
3/1/2016 9:00:00,163.67,163.72,163.58,163.66
3/1/2016 8:00:00,163.66,163.7,163.52,163.67
3/1/2016 7:00:00,163.94,163.95,163.65,163.66
2/29/2016 20:00:00,163.89,164,163.89,163.92
2/29/2016 19:00:00,163.89,163.91,163.89,163.91
2/29/2016 18:00:00,163.9,163.9,163.87,163.87
2/29/2016 17:00:00,163.93,163.94,163.88,163.89
2/29/2016 16:00:00,163.96,163.99,163.87,163.93
2/29/2016 15:00:00,163.93,164,163.85,163.96
2/29/2016 14:00:00,163.82,163.93,163.8,163.92
2/29/2016 13:00:00,163.73,163.82,163.62,163.82
2/29/2016 12:00:00,163.91,163.91,163.73,163.74
2/29/2016 11:00:00,163.92,163.98,163.89,163.9
2/29/2016 10:00:00,163.9,163.95,163.75,163.93
2/29/2016 9:00:00,163.76,163.88,163.67,163.88
2/29/2016 8:00:00,163.37,163.79,163.32,163.75
2/29/2016 7:00:00,163.45,163.5,163.35,163.39
2/26/2016 20:00:00,163.34,163.34,163.34,163.34
2/26/2016 19:00:00,163.33,163.33,163.33,163.33
2/26/2016 18:00:00,163.25,163.27,163.25,163.26
2/26/2016 17:00:00,163.35,163.35,163.26,163.26
2/26/2016 16:00:00,163.3,163.38,163.26,163.36
2/26/2016 15:00:00,163.39,163.44,163.29,163.32
2/26/2016 14:00:00,163.32,163.46,163.32,163.38
2/26/2016 13:00:00,163.41,163.42,163.24,163.34
2/26/2016 12:00:00,163.41,163.49,163.37,163.41
2/26/2016 11:00:00,163.35,163.43,163.32,163.41
2/26/2016 10:00:00,163.19,163.36,163.19,163.28
2/26/2016 9:00:00,163.37,163.41,163.16,163.18
2/26/2016 8:00:00,163.38,163.45,163.27,163.35
2/26/2016 7:00:00,163.44,163.45,163.3,163.34
2/25/2016 20:00:00,163.47,163.55,163.47,163.48
2/25/2016 19:00:00,163.46,163.52,163.46,163.52
2/25/2016 18:00:00,163.52,163.52,163.44,163.44
2/25/2016 17:00:00,163.44,163.61,163.43,163.53
2/25/2016 16:00:00,163.4,163.57,163.4,163.44
2/25/2016 15:00:00,163.27,163.39,163.23,163.39
2/25/2016 14:00:00,163.03,163.33,163.03,163.26
2/25/2016 13:00:00,163.1,163.2,163.07,163.13
2/25/2016 12:00:00,163.03,163.2,163.03,163.09
2/25/2016 11:00:00,163.12,163.22,163.05,163.05
2/25/2016 10:00:00,163.32,163.33,163.12,163.12
2/25/2016 9:00:00,163.15,163.32,163.1,163.29
2/25/2016 8:00:00,163.11,163.19,162.98,163.19
2/25/2016 7:00:00,163.1,163.24,163.07,163.11
2/24/2016 20:00:00,163,163.02,162.99,163.02
2/24/2016 19:00:00,163.03,163.03,163.01,163.02
2/24/2016 18:00:00,163.08,163.09,163.02,163.07
2/24/2016 17:00:00,163.11,163.14,163.05,163.05
2/24/2016 16:00:00,163.27,163.41,163.17,163.19
2/24/2016 15:00:00,163.43,163.53,163.23,163.23
2/24/2016 14:00:00,163.23,163.58,163.17,163.45
2/24/2016 13:00:00,163.3,163.32,163.2,163.25
2/24/2016 12:00:00,163.45,163.5,163.23,163.28
2/24/2016 11:00:00,163.42,163.52,163.41,163.42
2/24/2016 10:00:00,163.29,163.52,163.26,163.43
2/24/2016 9:00:00,163.16,163.37,163.16,163.3
2/24/2016 8:00:00,163.1,163.24,163.08,163.14
2/24/2016 7:00:00,162.96,163.08,162.89,163.08
2/23/2016 20:00:00,162.87,162.88,162.85,162.87
2/23/2016 19:00:00,162.84,162.89,162.84,162.89
2/23/2016 18:00:00,162.87,162.9,162.87,162.9
2/23/2016 17:00:00,162.79,162.82,162.79,162.81
2/23/2016 16:00:00,162.78,162.84,162.74,162.78
2/23/2016 15:00:00,162.26,162.77,162.25,162.76
2/23/2016 14:00:00,162.24,162.27,162.14,162.26
2/23/2016 13:00:00,162.58,162.6,162.16,162.23
2/23/2016 12:00:00,162.56,162.61,162.53,162.59
2/23/2016 11:00:00,162.72,162.72,162.52,162.6
2/23/2016 10:00:00,162.83,162.89,162.76,162.79
2/23/2016 9:00:00,162.77,162.91,162.77,162.89
2/23/2016 8:00:00,162.76,162.88,162.73,162.75
2/23/2016 7:00:00,162.82,162.83,162.73,162.73
2/22/2016 20:00:00,162.77,162.77,162.77,162.77
2/22/2016 19:00:00,162.79,162.8,162.79,162.79
2/22/2016 18:00:00,162.82,162.83,162.8,162.8
2/22/2016 17:00:00,162.87,162.87,162.85,162.85
2/22/2016 16:00:00,162.87,162.93,162.83,162.87
2/22/2016 15:00:00,162.76,162.85,162.73,162.82
2/22/2016 14:00:00,162.66,162.83,162.66,162.77
2/22/2016 13:00:00,162.57,162.64,162.54,162.64
2/22/2016 12:00:00,162.51,162.63,162.49,162.56
2/22/2016 11:00:00,162.43,162.5,162.43,162.5
2/22/2016 9:00:00,162.63,162.68,162.52,162.52
2/22/2016 8:00:00,162.43,162.64,162.33,162.6
2/22/2016 7:00:00,162.41,162.53,162.29,162.45
2/19/2016 20:00:00,162.45,162.45,162.41,162.44
2/19/2016 18:00:00,162.4,162.4,162.4,162.4
2/19/2016 17:00:00,162.44,162.44,162.44,162.44
2/19/2016 16:00:00,162.58,162.65,162.45,162.45
2/19/2016 15:00:00,162.63,162.63,162.52,162.52
2/19/2016 14:00:00,162.28,162.63,162.28,162.63
2/19/2016 13:00:00,162.54,162.54,162.25,162.43
2/19/2016 12:00:00,162.76,162.76,162.54,162.54
2/19/2016 11:00:00,162.76,162.84,162.76,162.84
2/19/2016 10:00:00,162.73,162.73,162.71,162.71
2/19/2016 9:00:00,162.53,162.66,162.53,162.57
2/19/2016 8:00:00,162.51,162.65,162.5,162.5
2/19/2016 7:00:00,162.51,162.7,162.47,162.7
2/18/2016 20:00:00,162.52,162.56,162.52,162.56
2/18/2016 18:00:00,162.35,162.51,162.35,162.51
2/18/2016 17:00:00,162.32,162.35,162.32,162.35
2/18/2016 16:00:00,162.32,162.45,162.32,162.33
2/18/2016 15:00:00,162.18,162.23,162.12,162.23
2/18/2016 14:00:00,161.73,162.14,161.73,162.14
2/18/2016 13:00:00,161.65,161.77,161.65,161.77
2/18/2016 12:00:00,161.76,161.76,161.74,161.75
2/18/2016 11:00:00,161.71,161.74,161.68,161.68
2/18/2016 10:00:00,161.82,161.94,161.79,161.79
2/18/2016 9:00:00,161.88,161.88,161.82,161.82
2/18/2016 8:00:00,161.93,161.96,161.84,161.9
2/18/2016 7:00:00,161.82,161.88,161.73,161.88
2/17/2016 20:00:00,161.75,161.76,161.75,161.75
2/17/2016 16:00:00,161.54,161.61,161.54,161.61
2/17/2016 15:00:00,161.55,161.6,161.55,161.6
2/17/2016 14:00:00,161.62,161.73,161.6,161.73
2/17/2016 13:00:00,161.42,161.67,161.42,161.67
2/17/2016 12:00:00,161.58,161.59,161.58,161.59
2/17/2016 11:00:00,161.89,161.89,161.59,161.59
2/17/2016 10:00:00,161.84,161.84,161.81,161.81
2/17/2016 9:00:00,161.89,161.89,161.89,161.89
2/17/2016 8:00:00,161.96,161.97,161.84,161.84
2/17/2016 7:00:00,161.99,162,161.87,161.95
2/16/2016 19:00:00,161.79,161.79,161.79,161.79
2/16/2016 17:00:00,161.7,161.7,161.7,161.7
2/16/2016 16:00:00,161.74,161.74,161.69,161.7
2/16/2016 15:00:00,161.72,161.73,161.7,161.7
2/16/2016 14:00:00,161.66,161.66,161.66,161.66
2/16/2016 13:00:00,161.77,161.77,161.77,161.77
2/16/2016 12:00:00,161.59,161.63,161.59,161.63
2/16/2016 11:00:00,161.87,161.87,161.87,161.87
2/16/2016 10:00:00,161.91,162,161.91,162
2/16/2016 9:00:00,161.62,161.73,161.62,161.7
2/16/2016 8:00:00,161.73,161.73,161.59,161.66
2/16/2016 7:00:00,161.88,161.91,161.84,161.85