05/12/2016 21:00:00,163.78,163.78,163.78,163.78
05/12/2016 20:00:00,163.73,163.83,163.73,163.8
05/12/2016 19:00:00,163.69,163.75,163.66,163.73
05/12/2016 18:00:00,163.77,163.82,163.67,163.7
05/12/2016 17:00:00,163.77,163.82,163.7,163.77
05/12/2016 16:00:00,163.8,163.85,163.75,163.78
05/12/2016 15:00:00,163.88,163.89,163.78,163.8
05/12/2016 14:00:00,163.75,163.88,163.64,163.88
05/12/2016 13:00:00,163.81,163.97,163.74,163.74
05/12/2016 12:00:00,163.82,163.89,163.78,163.8
05/12/2016 11:00:00,163.66,163.84,163.62,163.81
05/12/2016 10:00:00,164.07,164.11,163.66,163.66
05/12/2016 9:00:00,164.3,164.33,164.04,164.07
05/12/2016 8:00:00,164.25,164.49,164.24,164.31
05/12/2016 7:00:00,164.2,164.26,164.15,164.25
05/11/2016 21:00:00,164.25,164.25,164.25,164.25
05/11/2016 20:00:00,164.22,164.26,164.18,164.25
05/11/2016 19:00:00,164.3,164.3,164.21,164.22
05/11/2016 18:00:00,164.18,164.29,164.17,164.29
05/11/2016 17:00:00,164.09,164.21,164.09,164.18
05/11/2016 16:00:00,164.14,164.22,164.08,164.09
05/11/2016 15:00:00,164.19,164.22,164.07,164.14
05/11/2016 14:00:00,164.09,164.2,164.09,164.19
05/11/2016 13:00:00,164.01,164.13,163.97,164.09
05/11/2016 12:00:00,164.17,164.18,163.98,164
05/11/2016 11:00:00,164.24,164.26,164.15,164.18
05/11/2016 10:00:00,164.3,164.35,164.22,164.24
05/11/2016 9:00:00,164.29,164.35,164.24,164.29
05/11/2016 8:00:00,164.24,164.32,164.18,164.3
05/11/2016 7:00:00,164.26,164.28,164.14,164.23
05/10/2016 21:00:00,164.19,164.19,164.19,164.19
05/10/2016 20:00:00,164.17,164.21,164.16,164.19
05/10/2016 19:00:00,164.18,164.2,164.15,164.18
05/10/2016 18:00:00,164.21,164.23,164.16,164.18
05/10/2016 17:00:00,164.12,164.22,164.05,164.22
05/10/2016 16:00:00,164.2,164.32,164.11,164.12
05/10/2016 15:00:00,164.18,164.24,164.12,164.2
05/10/2016 14:00:00,164.34,164.36,164.12,164.17
05/10/2016 13:00:00,164.22,164.35,164.2,164.34
05/10/2016 12:00:00,164.23,164.29,164.15,164.22
05/10/2016 11:00:00,164.1,164.25,164.08,164.23
05/10/2016 10:00:00,163.97,164.13,163.92,164.11
05/10/2016 9:00:00,163.91,163.98,163.86,163.97
05/10/2016 8:00:00,163.95,163.99,163.88,163.91
05/10/2016 7:00:00,164.05,164.11,163.91,163.94
05/9/2016 21:00:00,164.06,164.06,164.06,164.06
05/9/2016 20:00:00,164.06,164.09,164.06,164.09
05/9/2016 19:00:00,164.07,164.09,164.05,164.06
05/9/2016 18:00:00,164.09,164.1,164.05,164.07
05/9/2016 17:00:00,164.11,164.14,164.05,164.1
05/9/2016 16:00:00,164.1,164.13,164.02,164.11
05/9/2016 15:00:00,163.87,164.14,163.81,164.11
05/9/2016 14:00:00,164.02,164.02,163.86,163.87
05/9/2016 13:00:00,163.98,164.02,163.88,164.02
05/9/2016 12:00:00,163.92,164.04,163.88,163.98
05/9/2016 11:00:00,163.69,163.95,163.69,163.93
05/9/2016 10:00:00,163.67,163.7,163.61,163.7
05/9/2016 9:00:00,163.74,163.81,163.62,163.66
05/9/2016 8:00:00,163.63,163.85,163.61,163.74
05/9/2016 7:00:00,163.52,163.72,163.5,163.63
05/6/2016 21:00:00,163.61,163.61,163.61,163.61
05/6/2016 20:00:00,163.68,163.68,163.61,163.61
05/6/2016 19:00:00,163.68,163.71,163.62,163.67
05/6/2016 18:00:00,163.84,163.84,163.67,163.67
05/6/2016 17:00:00,163.86,163.88,163.8,163.84
05/6/2016 16:00:00,163.83,163.88,163.75,163.86
05/6/2016 15:00:00,163.6,163.84,163.51,163.83
05/6/2016 14:00:00,163.82,163.82,163.42,163.59
05/6/2016 13:00:00,163.68,163.93,163.58,163.82
05/6/2016 12:00:00,163.68,163.74,163.64,163.68
05/6/2016 11:00:00,163.66,163.72,163.62,163.68
05/6/2016 10:00:00,163.66,163.74,163.62,163.65
05/6/2016 9:00:00,163.59,163.67,163.55,163.66
05/6/2016 8:00:00,163.72,163.79,163.51,163.59
05/6/2016 7:00:00,163.8,163.8,163.65,163.72
05/5/2016 21:00:00,163.83,163.83,163.83,163.83
05/5/2016 20:00:00,163.81,163.85,163.8,163.83
05/5/2016 19:00:00,163.79,163.86,163.77,163.81
05/5/2016 18:00:00,163.66,163.8,163.66,163.78
05/5/2016 17:00:00,163.62,163.69,163.57,163.67
05/5/2016 16:00:00,163.43,163.66,163.41,163.61
05/5/2016 15:00:00,163.32,163.46,163.24,163.43
05/5/2016 14:00:00,163.38,163.44,163.28,163.32
05/5/2016 13:00:00,163.06,163.43,163.06,163.39
05/5/2016 12:00:00,163.12,163.24,163.05,163.06
05/5/2016 11:00:00,162.95,163.25,162.95,163.12
05/5/2016 10:00:00,162.84,162.95,162.73,162.95
05/5/2016 9:00:00,162.87,162.98,162.82,162.84
05/5/2016 8:00:00,162.85,162.92,162.76,162.87
05/5/2016 7:00:00,162.99,163.01,162.82,162.86
05/4/2016 21:00:00,163.05,163.05,163.05,163.05
05/4/2016 20:00:00,162.99,163.05,162.98,163.04
05/4/2016 19:00:00,163,163.01,162.93,162.99
05/4/2016 18:00:00,162.98,163.05,162.95,162.99
05/4/2016 17:00:00,162.96,163,162.86,162.98
05/4/2016 16:00:00,163,163.04,162.9,162.97
05/4/2016 15:00:00,162.77,163.02,162.68,163.01
05/4/2016 14:00:00,163.01,163.02,162.76,162.77
05/4/2016 13:00:00,162.91,163.09,162.82,163.01
05/4/2016 12:00:00,163.02,163.02,162.89,162.91
05/4/2016 11:00:00,162.96,163.05,162.9,163.01
05/4/2016 10:00:00,162.9,163.04,162.85,162.95
05/4/2016 9:00:00,162.7,162.99,162.69,162.9
05/4/2016 8:00:00,162.82,162.84,162.67,162.71
05/4/2016 7:00:00,162.9,162.93,162.71,162.81
05/3/2016 21:00:00,162.9,162.9,162.9,162.9
05/3/2016 20:00:00,162.9,162.93,162.88,162.88
05/3/2016 19:00:00,162.94,162.95,162.89,162.9
05/3/2016 18:00:00,162.97,162.98,162.93,162.95
05/3/2016 17:00:00,163,163.04,162.95,162.96
05/3/2016 16:00:00,163.03,163.09,162.98,163
05/3/2016 15:00:00,163.04,163.12,162.93,163.02
05/3/2016 14:00:00,162.74,163.07,162.72,163.05
05/3/2016 13:00:00,162.59,162.83,162.59,162.74
05/3/2016 12:00:00,162.72,162.82,162.59,162.6
05/3/2016 11:00:00,162.45,162.83,162.44,162.72
05/3/2016 10:00:00,162.44,162.47,162.36,162.44
05/3/2016 9:00:00,162.07,162.54,162.02,162.44
05/3/2016 8:00:00,162,162.12,162,162.06
05/3/2016 7:00:00,162.03,162.08,161.9,162.01
05/2/2016 21:00:00,161.9,161.9,161.9,161.9
05/2/2016 20:00:00,161.88,161.95,161.86,161.9
05/2/2016 19:00:00,161.97,161.98,161.86,161.89
05/2/2016 18:00:00,162.06,162.1,161.95,161.97
05/2/2016 17:00:00,162.07,162.11,162.02,162.06
05/2/2016 16:00:00,162.01,162.08,161.84,162.07
05/2/2016 15:00:00,162.14,162.15,161.89,162
05/2/2016 14:00:00,162.04,162.14,161.94,162.14
05/2/2016 13:00:00,162.35,162.36,162.04,162.04
05/2/2016 12:00:00,162.34,162.4,162.29,162.34
05/2/2016 11:00:00,162.31,162.38,162.26,162.34
05/2/2016 10:00:00,162.21,162.32,162.18,162.31
05/2/2016 9:00:00,162.2,162.22,162.09,162.2
05/2/2016 8:00:00,162.16,162.27,162.14,162.21
05/2/2016 7:00:00,162.05,162.17,162.01,162.15
04/29/2016 21:00:00,161.98,161.98,161.98,161.98
04/29/2016 20:00:00,162.05,162.07,161.98,161.98
04/29/2016 19:00:00,161.97,162.06,161.91,162.06
04/29/2016 18:00:00,161.86,161.97,161.81,161.96
04/29/2016 17:00:00,162.04,162.05,161.81,161.87
04/29/2016 16:00:00,161.79,162.1,161.76,162.03
04/29/2016 15:00:00,161.85,161.94,161.57,161.8
04/29/2016 14:00:00,161.92,162,161.75,161.84
04/29/2016 13:00:00,162.19,162.21,161.65,161.92
04/29/2016 12:00:00,162.26,162.28,162.17,162.2
04/29/2016 11:00:00,162.36,162.37,162.12,162.26
04/29/2016 10:00:00,162.44,162.48,162.33,162.36
04/29/2016 9:00:00,162.38,162.46,162.25,162.44
04/29/2016 8:00:00,162.57,162.59,162.36,162.38
04/29/2016 7:00:00,162.45,162.6,162.34,162.57
04/28/2016 21:00:00,162.45,162.45,162.45,162.45
04/28/2016 20:00:00,162.36,162.49,162.36,162.48
04/28/2016 19:00:00,162.34,162.37,162.31,162.37
04/28/2016 18:00:00,162.27,162.36,162.27,162.33
04/28/2016 17:00:00,162.25,162.3,162.23,162.26
04/28/2016 16:00:00,162.28,162.39,162.23,162.24
04/28/2016 15:00:00,162.31,162.37,162.21,162.28
04/28/2016 14:00:00,162.35,162.4,162.22,162.31
04/28/2016 13:00:00,162.53,162.56,162.28,162.36
04/28/2016 12:00:00,162.52,162.63,162.48,162.54
04/28/2016 11:00:00,162.62,162.64,162.47,162.53
04/28/2016 10:00:00,162.74,162.79,162.6,162.61
04/28/2016 9:00:00,162.49,162.79,162.44,162.74
04/28/2016 8:00:00,162.62,162.67,162.44,162.49
04/28/2016 7:00:00,162.28,162.67,162.26,162.61
04/27/2016 21:00:00,162.14,162.14,162.14,162.14
04/27/2016 20:00:00,162.13,162.15,162.07,162.14
04/27/2016 19:00:00,161.85,162.15,161.71,162.13
04/27/2016 18:00:00,161.84,161.86,161.81,161.84
04/27/2016 17:00:00,161.83,161.86,161.79,161.83
04/27/2016 16:00:00,161.82,161.93,161.74,161.83
04/27/2016 15:00:00,161.7,161.84,161.64,161.81
04/27/2016 14:00:00,161.76,161.78,161.53,161.7
04/27/2016 13:00:00,161.77,161.86,161.7,161.76
04/27/2016 12:00:00,161.88,161.91,161.74,161.77
04/27/2016 11:00:00,161.78,161.89,161.73,161.88
04/27/2016 10:00:00,161.74,161.81,161.62,161.78
04/27/2016 9:00:00,161.78,161.79,161.67,161.73
04/27/2016 8:00:00,161.72,161.82,161.65,161.78
04/27/2016 7:00:00,161.65,161.76,161.62,161.72
04/26/2016 21:00:00,161.54,161.54,161.54,161.54
04/26/2016 20:00:00,161.56,161.56,161.51,161.54
04/26/2016 19:00:00,161.5,161.58,161.5,161.56
04/26/2016 18:00:00,161.5,161.58,161.48,161.51
04/26/2016 17:00:00,161.61,161.62,161.46,161.51
04/26/2016 16:00:00,161.68,161.7,161.56,161.62
04/26/2016 15:00:00,161.74,161.81,161.65,161.68
04/26/2016 14:00:00,161.69,161.85,161.65,161.74
04/26/2016 13:00:00,161.82,161.89,161.63,161.69
04/26/2016 12:00:00,161.84,161.94,161.78,161.83
04/26/2016 11:00:00,161.93,162.03,161.82,161.84
04/26/2016 10:00:00,162,162.06,161.88,161.93
04/26/2016 9:00:00,162.17,162.26,161.91,162
04/26/2016 8:00:00,162.25,162.25,162.09,162.17
04/26/2016 7:00:00,162.22,162.31,162.19,162.25
04/25/2016 21:00:00,162.1,162.1,162.1,162.1
04/25/2016 20:00:00,162.06,162.15,162.06,162.1
04/25/2016 19:00:00,162.1,162.13,162.06,162.06
04/25/2016 18:00:00,162.12,162.12,162,162.1
04/25/2016 17:00:00,162.11,162.13,162.06,162.12
04/25/2016 16:00:00,162.17,162.19,162.01,162.11
04/25/2016 15:00:00,161.98,162.24,161.92,162.16
04/25/2016 14:00:00,162.4,162.4,161.9,162
04/25/2016 13:00:00,162.67,162.7,162.39,162.41
04/25/2016 12:00:00,162.69,162.76,162.66,162.68
04/25/2016 11:00:00,162.64,162.71,162.6,162.69
04/25/2016 10:00:00,162.79,162.8,162.59,162.64
04/25/2016 9:00:00,162.6,162.79,162.6,162.79
04/25/2016 8:00:00,162.52,162.65,162.49,162.6
04/25/2016 7:00:00,162.7,162.79,162.43,162.52
04/22/2016 21:00:00,162.59,162.59,162.59,162.59
04/22/2016 20:00:00,162.54,162.6,162.53,162.59
04/22/2016 19:00:00,162.53,162.55,162.48,162.54
04/22/2016 18:00:00,162.58,162.58,162.49,162.53
04/22/2016 17:00:00,162.5,162.6,162.48,162.57
04/22/2016 16:00:00,162.48,162.51,162.46,162.51
04/22/2016 15:00:00,162.39,162.49,162.34,162.47
04/22/2016 14:00:00,162.41,162.5,162.38,162.38
04/22/2016 13:00:00,162.54,162.56,162.41,162.42
04/22/2016 12:00:00,162.58,162.64,162.53,162.54
04/22/2016 11:00:00,162.58,162.62,162.55,162.58
04/22/2016 10:00:00,162.66,162.68,162.56,162.59
04/22/2016 9:00:00,162.5,162.68,162.45,162.65
04/22/2016 8:00:00,162.53,162.59,162.43,162.49
04/22/2016 7:00:00,162.57,162.66,162.47,162.53
04/21/2016 21:00:00,162.55,162.55,162.55,162.55
04/21/2016 20:00:00,162.51,162.57,162.47,162.56
04/21/2016 19:00:00,162.47,162.52,162.45,162.51
04/21/2016 18:00:00,162.42,162.49,162.39,162.47
04/21/2016 17:00:00,162.38,162.48,162.36,162.42
04/21/2016 16:00:00,162.65,162.66,162.37,162.37
04/21/2016 15:00:00,162.82,162.87,162.65,162.66
04/21/2016 14:00:00,162.49,162.83,162.33,162.81
04/21/2016 13:00:00,162.64,162.78,162.33,162.49
04/21/2016 12:00:00,162.67,162.75,162.56,162.64
04/21/2016 11:00:00,162.8,162.81,162.62,162.67
04/21/2016 10:00:00,162.92,162.95,162.72,162.79
04/21/2016 9:00:00,163.09,163.1,162.9,162.92
04/21/2016 8:00:00,163.26,163.34,163.05,163.09
04/21/2016 7:00:00,163.22,163.28,163.14,163.27
04/20/2016 21:00:00,163.25,163.25,163.25,163.25
04/20/2016 20:00:00,163.22,163.28,163.19,163.25
04/20/2016 19:00:00,163.37,163.39,163.22,163.22
04/20/2016 18:00:00,163.42,163.43,163.36,163.37
04/20/2016 17:00:00,163.57,163.58,163.38,163.42
04/20/2016 16:00:00,163.68,163.74,163.57,163.57
04/20/2016 15:00:00,163.6,163.73,163.53,163.67
04/20/2016 14:00:00,163.5,163.65,163.47,163.59
04/20/2016 13:00:00,163.44,163.58,163.42,163.5
04/20/2016 12:00:00,163.4,163.46,163.34,163.43
04/20/2016 11:00:00,163.5,163.56,163.39,163.4
04/20/2016 10:00:00,163.64,163.68,163.46,163.51
04/20/2016 9:00:00,163.67,163.69,163.58,163.64
04/20/2016 8:00:00,163.63,163.7,163.58,163.67
04/20/2016 7:00:00,163.52,163.69,163.5,163.63
04/19/2016 21:00:00,163.32,163.32,163.32,163.32
04/19/2016 20:00:00,163.33,163.34,163.31,163.32
04/19/2016 19:00:00,163.36,163.39,163.33,163.34
04/19/2016 18:00:00,163.44,163.44,163.35,163.36
04/19/2016 17:00:00,163.35,163.47,163.34,163.43
04/19/2016 16:00:00,163.14,163.35,163.11,163.35
04/19/2016 15:00:00,163.23,163.25,163.09,163.13
04/19/2016 14:00:00,163.32,163.34,163.18,163.23
04/19/2016 13:00:00,163.26,163.36,163.17,163.32
04/19/2016 12:00:00,163.25,163.39,163.24,163.26
04/19/2016 11:00:00,163.18,163.31,163.17,163.26
04/19/2016 10:00:00,163.28,163.33,163.11,163.19
04/19/2016 9:00:00,163.44,163.45,163.27,163.28
04/19/2016 8:00:00,163.51,163.6,163.4,163.44
04/19/2016 7:00:00,163.4,163.54,163.31,163.51
04/18/2016 21:00:00,163.49,163.49,163.49,163.49
04/18/2016 20:00:00,163.48,163.51,163.46,163.49
04/18/2016 19:00:00,163.47,163.5,163.46,163.49
04/18/2016 18:00:00,163.42,163.48,163.42,163.47
04/18/2016 17:00:00,163.46,163.51,163.41,163.42
04/18/2016 16:00:00,163.57,163.58,163.36,163.47
04/18/2016 15:00:00,163.61,163.67,163.52,163.57
04/18/2016 14:00:00,163.59,163.67,163.51,163.61
04/18/2016 13:00:00,163.75,163.82,163.54,163.58
04/18/2016 12:00:00,163.68,163.77,163.65,163.74
04/18/2016 11:00:00,163.84,163.88,163.63,163.68
04/18/2016 10:00:00,163.92,163.94,163.8,163.84
04/18/2016 9:00:00,163.95,164.06,163.86,163.91
04/18/2016 8:00:00,163.92,163.98,163.8,163.94
04/18/2016 7:00:00,164.09,164.17,163.9,163.92
04/15/2016 21:00:00,163.84,163.84,163.84,163.84
04/15/2016 20:00:00,163.88,163.91,163.84,163.84
04/15/2016 19:00:00,163.96,163.96,163.88,163.88
04/15/2016 18:00:00,163.93,163.97,163.93,163.96
04/15/2016 17:00:00,163.94,164,163.9,163.94
04/15/2016 16:00:00,163.94,163.97,163.82,163.94
04/15/2016 15:00:00,163.73,163.96,163.73,163.95
04/15/2016 14:00:00,163.72,163.76,163.57,163.72
04/15/2016 13:00:00,163.77,163.79,163.64,163.71
04/15/2016 12:00:00,163.77,163.82,163.71,163.77
04/15/2016 11:00:00,163.69,163.85,163.69,163.77
04/15/2016 10:00:00,163.72,163.75,163.66,163.7
04/15/2016 9:00:00,163.7,163.73,163.57,163.73
04/15/2016 8:00:00,163.54,163.75,163.52,163.71
04/15/2016 7:00:00,163.34,163.61,163.27,163.55
04/14/2016 21:00:00,163.34,163.34,163.34,163.34
04/14/2016 20:00:00,163.37,163.37,163.29,163.33
04/14/2016 19:00:00,163.37,163.38,163.27,163.37
04/14/2016 18:00:00,163.29,163.43,163.29,163.37
04/14/2016 17:00:00,163.38,163.42,163.28,163.31
04/14/2016 16:00:00,163.53,163.55,163.35,163.38
04/14/2016 15:00:00,163.55,163.64,163.45,163.53
04/14/2016 14:00:00,163.27,163.58,163.25,163.55
04/14/2016 13:00:00,163.46,163.55,163.17,163.28
04/14/2016 12:00:00,163.51,163.52,163.4,163.46
04/14/2016 11:00:00,163.56,163.65,163.45,163.52
04/14/2016 10:00:00,163.68,163.73,163.5,163.55
04/14/2016 9:00:00,163.9,163.98,163.68,163.68
04/14/2016 8:00:00,163.89,163.96,163.78,163.9
04/14/2016 7:00:00,163.86,163.94,163.8,163.89
04/13/2016 21:00:00,163.91,163.91,163.91,163.91
04/13/2016 20:00:00,163.93,163.95,163.91,163.91
04/13/2016 19:00:00,163.9,163.95,163.89,163.94
04/13/2016 18:00:00,163.87,163.96,163.86,163.9
04/13/2016 17:00:00,163.89,163.96,163.86,163.87
04/13/2016 16:00:00,163.71,163.9,163.67,163.9
04/13/2016 15:00:00,163.52,163.73,163.52,163.71
04/13/2016 14:00:00,163.56,163.57,163.44,163.52
04/13/2016 13:00:00,163.54,163.63,163.47,163.55
04/13/2016 12:00:00,163.47,163.56,163.46,163.53
04/13/2016 11:00:00,163.43,163.58,163.41,163.46
04/13/2016 10:00:00,163.64,163.65,163.39,163.43
04/13/2016 9:00:00,163.61,163.67,163.54,163.63
04/13/2016 8:00:00,163.52,163.63,163.44,163.61
04/13/2016 7:00:00,163.25,163.53,163.16,163.51
04/12/2016 21:00:00,163.33,163.33,163.33,163.33
04/12/2016 20:00:00,163.27,163.34,163.25,163.33
04/12/2016 19:00:00,163.31,163.31,163.27,163.27
04/12/2016 18:00:00,163.26,163.35,163.25,163.3
04/12/2016 17:00:00,163.36,163.4,163.24,163.25
04/12/2016 16:00:00,163.55,163.56,163.36,163.37
04/12/2016 15:00:00,163.6,163.7,163.53,163.55
04/12/2016 14:00:00,163.65,163.69,163.46,163.6
04/12/2016 13:00:00,163.53,163.66,163.51,163.65
04/12/2016 12:00:00,163.61,163.61,163.48,163.52
04/12/2016 11:00:00,163.58,163.66,163.56,163.62
04/12/2016 10:00:00,163.56,163.66,163.55,163.58
04/12/2016 9:00:00,163.64,163.67,163.43,163.57
04/12/2016 8:00:00,163.81,163.87,163.64,163.64
04/12/2016 7:00:00,164.01,164.02,163.8,163.8
04/11/2016 21:00:00,164.07,164.07,164.07,164.07
04/11/2016 20:00:00,164.08,164.09,164.03,164.06
04/11/2016 19:00:00,164.09,164.09,164.04,164.08
04/11/2016 18:00:00,164.09,164.13,164.06,164.09
04/11/2016 17:00:00,164.1,164.15,164.08,164.08
04/11/2016 16:00:00,163.97,164.17,163.97,164.1
04/11/2016 15:00:00,163.74,163.98,163.74,163.97
04/11/2016 14:00:00,163.88,163.9,163.74,163.74
04/11/2016 13:00:00,164.03,164.08,163.88,163.88
04/11/2016 12:00:00,163.96,164.06,163.94,164.03
04/11/2016 11:00:00,164.33,164.35,163.9,163.96
04/11/2016 10:00:00,164.45,164.46,164.33,164.33
04/11/2016 9:00:00,164.45,164.49,164.36,164.45
04/11/2016 8:00:00,164.36,164.6,164.36,164.45
04/11/2016 7:00:00,164.4,164.41,164.29,164.36
04/8/2016 21:00:00,164.33,164.33,164.33,164.33
04/8/2016 20:00:00,164.32,164.39,164.32,164.33
04/8/2016 19:00:00,164.32,164.35,164.3,164.33
04/8/2016 18:00:00,164.29,164.34,164.28,164.32
04/8/2016 17:00:00,164.29,164.3,164.26,164.29
04/8/2016 16:00:00,164.22,164.33,164.17,164.29
04/8/2016 15:00:00,164.22,164.24,164.15,164.22
04/8/2016 14:00:00,164.13,164.3,164.08,164.22
04/8/2016 13:00:00,164.23,164.23,164.05,164.14
04/8/2016 12:00:00,164.23,164.27,164.17,164.23
04/8/2016 11:00:00,164.24,164.27,164.19,164.23
04/8/2016 10:00:00,164.17,164.27,164.14,164.24
04/8/2016 9:00:00,164.18,164.28,164.11,164.16
04/8/2016 8:00:00,164.27,164.32,164.1,164.18
04/8/2016 7:00:00,164.18,164.37,164.17,164.27
04/7/2016 21:00:00,164.39,164.39,164.39,164.39
04/7/2016 20:00:00,164.42,164.43,164.37,164.38
04/7/2016 19:00:00,164.38,164.43,164.38,164.42
04/7/2016 18:00:00,164.38,164.39,164.31,164.38
04/7/2016 17:00:00,164.34,164.43,164.34,164.38
04/7/2016 16:00:00,164.31,164.43,164.3,164.35
04/7/2016 15:00:00,164.27,164.39,164.26,164.31
04/7/2016 14:00:00,164.16,164.34,164.12,164.27
04/7/2016 13:00:00,164.06,164.19,164.01,164.17
04/7/2016 12:00:00,164.18,164.2,164.03,164.05
04/7/2016 11:00:00,164.16,164.21,164.12,164.19
04/7/2016 10:00:00,164.1,164.2,163.97,164.16
04/7/2016 9:00:00,164.12,164.18,164.03,164.1
04/7/2016 8:00:00,163.94,164.15,163.9,164.12
04/7/2016 7:00:00,164,164,163.82,163.94
04/6/2016 21:00:00,163.95,163.95,163.95,163.95
04/6/2016 20:00:00,163.95,163.96,163.88,163.92
04/6/2016 19:00:00,163.89,163.98,163.85,163.93
04/6/2016 18:00:00,163.94,163.95,163.87,163.89
04/6/2016 17:00:00,163.9,163.95,163.89,163.95
04/6/2016 16:00:00,163.95,163.99,163.89,163.9
04/6/2016 15:00:00,163.9,164.02,163.87,163.95
04/6/2016 14:00:00,163.83,163.96,163.82,163.91
04/6/2016 13:00:00,163.85,163.98,163.81,163.84
04/6/2016 12:00:00,163.88,163.93,163.81,163.86
04/6/2016 11:00:00,163.79,163.9,163.76,163.89
04/6/2016 10:00:00,163.94,163.95,163.72,163.78
04/6/2016 9:00:00,164.05,164.09,163.9,163.95
04/6/2016 8:00:00,164.24,164.28,164.02,164.06
04/6/2016 7:00:00,164.1,164.26,164.08,164.24
04/5/2016 21:00:00,164.28,164.28,164.28,164.28
04/5/2016 20:00:00,164.27,164.3,164.26,164.28
04/5/2016 19:00:00,164.28,164.3,164.23,164.26
04/5/2016 18:00:00,164.23,164.3,164.23,164.27
04/5/2016 17:00:00,164.15,164.27,164.11,164.23
04/5/2016 16:00:00,164.15,164.22,164.06,164.16
04/5/2016 15:00:00,164.26,164.3,164.15,164.15
04/5/2016 14:00:00,164.19,164.35,164.18,164.27
04/5/2016 13:00:00,164.22,164.28,164.13,164.19
04/5/2016 12:00:00,164.37,164.38,164.22,164.22
04/5/2016 11:00:00,164.31,164.43,164.29,164.38
04/5/2016 10:00:00,164.22,164.34,164.14,164.32
04/5/2016 9:00:00,164.2,164.32,164.18,164.23
04/5/2016 8:00:00,164,164.28,164,164.2
04/5/2016 7:00:00,163.89,164.06,163.87,164
04/4/2016 21:00:00,163.75,163.75,163.75,163.75
04/4/2016 20:00:00,163.71,163.78,163.71,163.74
04/4/2016 19:00:00,163.76,163.77,163.7,163.71
04/4/2016 18:00:00,163.78,163.79,163.73,163.75
04/4/2016 17:00:00,163.69,163.8,163.69,163.78
04/4/2016 16:00:00,163.6,163.77,163.59,163.7
04/4/2016 15:00:00,163.51,163.62,163.48,163.6
04/4/2016 14:00:00,163.65,163.67,163.47,163.51
04/4/2016 13:00:00,163.55,163.67,163.49,163.66
04/4/2016 12:00:00,163.44,163.57,163.43,163.56
04/4/2016 11:00:00,163.6,163.61,163.44,163.44
04/4/2016 10:00:00,163.69,163.71,163.56,163.6
04/4/2016 9:00:00,163.61,163.72,163.55,163.68
04/4/2016 8:00:00,163.78,163.8,163.61,163.62
04/4/2016 7:00:00,163.88,163.93,163.7,163.77
04/1/2016 21:00:00,163.73,163.73,163.73,163.73
04/1/2016 20:00:00,163.66,163.78,163.66,163.77
04/1/2016 19:00:00,163.77,163.77,163.66,163.66
04/1/2016 18:00:00,163.76,163.79,163.73,163.77
04/1/2016 17:00:00,163.67,163.8,163.65,163.76
04/1/2016 16:00:00,163.48,163.69,163.47,163.67
04/1/2016 15:00:00,163.62,163.66,163.45,163.48
04/1/2016 14:00:00,163.59,163.78,163.58,163.61
04/1/2016 13:00:00,163.52,163.65,163.33,163.59
04/1/2016 12:00:00,163.52,163.57,163.48,163.52
04/1/2016 11:00:00,163.38,163.6,163.38,163.52
04/1/2016 10:00:00,163.28,163.39,163.27,163.39
04/1/2016 9:00:00,163.34,163.37,163.24,163.29
04/1/2016 8:00:00,163.36,163.41,163.28,163.35
04/1/2016 7:00:00,163.43,163.48,163.31,163.35
03/31/2016 21:00:00,163.52,163.52,163.52,163.52
03/31/2016 20:00:00,163.47,163.58,163.46,163.53
03/31/2016 19:00:00,163.43,163.47,163.39,163.47
03/31/2016 18:00:00,163.37,163.43,163.37,163.42
03/31/2016 17:00:00,163.42,163.44,163.35,163.37
03/31/2016 16:00:00,163.32,163.43,163.25,163.42
03/31/2016 15:00:00,163.18,163.32,163.03,163.31
03/31/2016 14:00:00,163.23,163.3,163.05,163.18
03/31/2016 13:00:00,163.45,163.48,163.21,163.23
03/31/2016 12:00:00,163.47,163.48,163.35,163.45
03/31/2016 11:00:00,163.48,163.55,163.46,163.46
03/31/2016 10:00:00,163.52,163.59,163.41,163.48
03/31/2016 9:00:00,163.55,163.59,163.49,163.52
03/31/2016 8:00:00,163.43,163.61,163.43,163.55
03/31/2016 7:00:00,163.59,163.64,163.4,163.43
03/30/2016 21:00:00,163.55,163.55,163.55,163.55
03/30/2016 20:00:00,163.51,163.59,163.5,163.56
03/30/2016 19:00:00,163.4,163.52,163.39,163.5
03/30/2016 18:00:00,163.37,163.51,163.36,163.4
03/30/2016 17:00:00,163.35,163.41,163.35,163.36
03/30/2016 16:00:00,163.24,163.37,163.14,163.36
03/30/2016 15:00:00,163.19,163.33,163.13,163.25
03/30/2016 14:00:00,163.5,163.56,163.19,163.2
03/30/2016 13:00:00,163.5,163.55,163.38,163.5
03/30/2016 12:00:00,163.47,163.57,163.46,163.51
03/30/2016 11:00:00,163.62,163.65,163.44,163.47
03/30/2016 10:00:00,163.63,163.68,163.61,163.62
03/30/2016 9:00:00,163.47,163.66,163.44,163.63
03/30/2016 8:00:00,163.72,163.75,163.44,163.48
03/30/2016 7:00:00,163.67,163.84,163.66,163.73
03/29/2016 21:00:00,163.79,163.79,163.79,163.79
03/29/2016 20:00:00,163.74,163.83,163.73,163.77
03/29/2016 19:00:00,163.7,163.76,163.66,163.74
03/29/2016 18:00:00,163.69,163.77,163.65,163.71
03/29/2016 17:00:00,163.63,163.8,163.59,163.69
03/29/2016 16:00:00,163.43,163.69,163.4,163.63
03/29/2016 15:00:00,163.49,163.5,163.36,163.43
03/29/2016 14:00:00,163.5,163.53,163.46,163.5
03/29/2016 13:00:00,163.42,163.56,163.41,163.51
03/29/2016 12:00:00,163.46,163.56,163.4,163.42
03/29/2016 11:00:00,163.56,163.56,163.41,163.46
03/29/2016 10:00:00,163.45,163.59,163.42,163.57
03/29/2016 9:00:00,163.44,163.53,163.42,163.45
03/29/2016 8:00:00,163.28,163.56,163.26,163.45
03/29/2016 7:00:00,163.1,163.3,163.07,163.28
03/24/2016 21:00:00,163.04,163.04,163.04,163.04
03/24/2016 20:00:00,162.96,163.06,162.94,163.02
03/24/2016 19:00:00,162.82,162.96,162.82,162.95
03/24/2016 18:00:00,162.88,162.9,162.82,162.83
03/24/2016 17:00:00,163.01,163.01,162.87,162.88
03/24/2016 16:00:00,163.06,163.09,162.98,163.01
03/24/2016 15:00:00,163.06,163.12,163,163.07
03/24/2016 14:00:00,163.24,163.24,163.06,163.06
03/24/2016 13:00:00,163.11,163.33,163.11,163.24
03/24/2016 12:00:00,163.15,163.18,163.07,163.12
03/24/2016 11:00:00,163.13,163.22,163.09,163.15
03/24/2016 10:00:00,163.08,163.18,163.07,163.13
03/24/2016 9:00:00,163.1,163.19,163.01,163.08
03/24/2016 8:00:00,162.97,163.17,162.96,163.1
03/24/2016 7:00:00,162.95,163,162.84,162.96
03/23/2016 21:00:00,162.85,162.85,162.85,162.85
03/23/2016 20:00:00,162.88,162.9,162.86,162.86
03/23/2016 19:00:00,162.93,162.93,162.88,162.88
03/23/2016 18:00:00,162.85,162.93,162.83,162.93
03/23/2016 17:00:00,162.82,162.86,162.78,162.84
03/23/2016 16:00:00,162.66,162.83,162.65,162.81
03/23/2016 15:00:00,162.41,162.72,162.37,162.66
03/23/2016 14:00:00,162.45,162.48,162.26,162.4
03/23/2016 13:00:00,162.47,162.48,162.34,162.46
03/23/2016 12:00:00,162.46,162.57,162.41,162.47
03/23/2016 11:00:00,162.32,162.52,162.32,162.45
03/23/2016 10:00:00,162.38,162.41,162.29,162.32
03/23/2016 9:00:00,162.32,162.46,162.26,162.39
03/23/2016 8:00:00,162.34,162.4,162.22,162.32
03/23/2016 7:00:00,162.3,162.45,162.25,162.34
03/22/2016 21:00:00,162.34,162.34,162.34,162.34
03/22/2016 20:00:00,162.35,162.36,162.3,162.36
03/22/2016 19:00:00,162.36,162.4,162.32,162.34
03/22/2016 18:00:00,162.41,162.44,162.34,162.36
03/22/2016 17:00:00,162.56,162.57,162.4,162.42
03/22/2016 16:00:00,162.54,162.62,162.47,162.56
03/22/2016 15:00:00,162.5,162.6,162.44,162.54
03/22/2016 14:00:00,162.4,162.6,162.37,162.5
03/22/2016 13:00:00,162.41,162.58,162.3,162.41
03/22/2016 12:00:00,162.58,162.62,162.38,162.41
03/22/2016 11:00:00,162.69,162.72,162.5,162.58
03/22/2016 10:00:00,162.68,162.87,162.66,162.69
03/22/2016 9:00:00,162.86,162.87,162.61,162.68
03/22/2016 8:00:00,162.76,163.05,162.63,162.87
03/22/2016 7:00:00,162.47,162.77,162.39,162.75
03/21/2016 21:00:00,162.42,162.42,162.42,162.42
03/21/2016 20:00:00,162.45,162.46,162.38,162.39
03/21/2016 19:00:00,162.39,162.48,162.38,162.45
03/21/2016 18:00:00,162.4,162.43,162.36,162.39
03/21/2016 17:00:00,162.32,162.42,162.3,162.42
03/21/2016 16:00:00,162.42,162.45,162.31,162.32
03/21/2016 15:00:00,162.4,162.51,162.37,162.42
03/21/2016 14:00:00,162.38,162.52,162.33,162.4
03/21/2016 13:00:00,162.45,162.45,162.19,162.37
03/21/2016 12:00:00,162.66,162.7,162.4,162.45
03/21/2016 11:00:00,162.74,162.78,162.65,162.67
03/21/2016 10:00:00,162.95,162.98,162.71,162.75
03/21/2016 9:00:00,162.81,163,162.81,162.95
03/21/2016 8:00:00,162.54,162.86,162.51,162.82
03/21/2016 7:00:00,162.6,162.67,162.44,162.53
03/18/2016 21:00:00,162.61,162.61,162.61,162.61
03/18/2016 20:00:00,162.59,162.63,162.58,162.62
03/18/2016 19:00:00,162.68,162.68,162.56,162.6
03/18/2016 18:00:00,162.65,162.69,162.64,162.67
03/18/2016 17:00:00,162.6,162.67,162.56,162.65
03/18/2016 16:00:00,162.49,162.61,162.42,162.6
03/18/2016 15:00:00,162.68,162.68,162.45,162.5
03/18/2016 14:00:00,162.62,162.73,162.56,162.68
03/18/2016 13:00:00,162.48,162.63,162.43,162.62
03/18/2016 12:00:00,162.48,162.61,162.33,162.48
03/18/2016 11:00:00,162.67,162.7,162.4,162.49
03/18/2016 10:00:00,162.66,162.73,162.62,162.67
03/18/2016 9:00:00,162.72,162.74,162.61,162.66
03/18/2016 8:00:00,162.66,162.8,162.62,162.73
03/18/2016 7:00:00,162.49,162.81,162.49,162.66
03/17/2016 21:00:00,162.42,162.42,162.42,162.42
03/17/2016 20:00:00,162.44,162.46,162.42,162.42
03/17/2016 19:00:00,162.41,162.45,162.4,162.44
03/17/2016 18:00:00,162.4,162.45,162.38,162.42
03/17/2016 17:00:00,162.37,162.47,162.33,162.41
03/17/2016 16:00:00,162.29,162.39,162.29,162.36
03/17/2016 15:00:00,162.34,162.39,162.26,162.29
03/17/2016 14:00:00,162.22,162.4,162.15,162.34
03/17/2016 13:00:00,162.33,162.34,162.11,162.21
03/17/2016 12:00:00,162.22,162.46,162.18,162.34
03/17/2016 11:00:00,162.17,162.27,162.04,162.23
03/17/2016 10:00:00,162.18,162.22,161.99,162.16
03/17/2016 9:00:00,162.19,162.25,162.1,162.18
03/17/2016 8:00:00,162.08,162.31,162.04,162.19
03/17/2016 7:00:00,161.95,162.08,161.88,162.08
03/16/2016 21:00:00,161.77,161.77,161.77,161.77
03/16/2016 20:00:00,161.79,161.8,161.75,161.76
03/16/2016 19:00:00,161.61,161.8,161.6,161.79
03/16/2016 18:00:00,161.22,161.74,161.22,161.61
03/16/2016 17:00:00,161.22,161.26,161.12,161.21
03/16/2016 16:00:00,161.55,161.59,161.09,161.22
03/16/2016 15:00:00,161.62,161.72,161.53,161.55
03/16/2016 14:00:00,161.53,161.65,161.44,161.63
03/16/2016 13:00:00,161.37,161.55,161.33,161.53
03/16/2016 12:00:00,161.49,161.49,161.2,161.37
03/16/2016 11:00:00,161.45,161.57,161.4,161.48
03/16/2016 10:00:00,161.35,161.45,161.26,161.44
03/16/2016 9:00:00,161.35,161.37,161.23,161.34
03/16/2016 8:00:00,161.22,161.38,161.17,161.34
03/16/2016 7:00:00,161.21,161.3,161.14,161.22
03/15/2016 21:00:00,161.12,161.12,161.12,161.12
03/15/2016 20:00:00,161.03,161.11,161.02,161.11
03/15/2016 19:00:00,161.09,161.09,161.02,161.04
03/15/2016 18:00:00,161.06,161.09,161.02,161.09
03/15/2016 17:00:00,161.14,161.16,161.04,161.06
03/15/2016 16:00:00,161.31,161.33,161.09,161.15
03/15/2016 15:00:00,161.26,161.36,161.19,161.32
03/15/2016 14:00:00,161.52,161.54,161.16,161.26
03/15/2016 13:00:00,161.62,161.62,161.4,161.51
03/15/2016 12:00:00,161.59,161.76,161.53,161.62
03/15/2016 11:00:00,161.64,161.69,161.56,161.59
03/15/2016 10:00:00,161.6,161.78,161.59,161.65
03/15/2016 9:00:00,161.58,161.63,161.41,161.61
03/15/2016 8:00:00,161.5,161.69,161.43,161.59
03/15/2016 7:00:00,161.43,161.61,161.4,161.5
03/14/2016 21:00:00,161.32,161.32,161.32,161.32
03/14/2016 20:00:00,161.31,161.36,161.3,161.31
03/14/2016 19:00:00,161.31,161.34,161.26,161.3
03/14/2016 18:00:00,161.39,161.44,161.3,161.32
03/14/2016 17:00:00,161.62,161.64,161.39,161.39
03/14/2016 16:00:00,161.81,161.82,161.6,161.62
03/14/2016 15:00:00,161.85,161.94,161.77,161.8
03/14/2016 14:00:00,162.14,162.16,161.7,161.84
03/14/2016 13:00:00,162.06,162.17,162,162.13
03/14/2016 12:00:00,161.92,162.12,161.9,162.06
03/14/2016 11:00:00,161.97,161.97,161.87,161.91
03/14/2016 10:00:00,162.09,162.1,161.94,161.97
03/14/2016 9:00:00,162.18,162.2,162.02,162.09
03/14/2016 8:00:00,161.79,162.22,161.63,162.18
03/14/2016 7:00:00,161.72,161.88,161.68,161.79
03/11/2016 21:00:00,161.72,161.72,161.72,161.72
03/11/2016 20:00:00,161.84,161.85,161.74,161.74
03/11/2016 19:00:00,161.79,161.86,161.76,161.85
03/11/2016 18:00:00,161.74,161.8,161.7,161.8
03/11/2016 17:00:00,161.71,161.78,161.65,161.73
03/11/2016 16:00:00,161.86,161.91,161.59,161.72
03/11/2016 15:00:00,161.77,161.88,161.58,161.86
03/11/2016 14:00:00,161.8,161.89,161.72,161.78
03/11/2016 13:00:00,161.6,161.88,161.54,161.8
03/11/2016 12:00:00,161.62,161.75,161.51,161.6
03/11/2016 11:00:00,161.84,161.9,161.56,161.61
03/11/2016 10:00:00,161.66,161.91,161.57,161.83
03/11/2016 9:00:00,161.95,161.95,161.4,161.67
03/11/2016 8:00:00,161.65,161.96,161.47,161.95
03/11/2016 7:00:00,161.3,161.88,161.03,161.65
03/10/2016 21:00:00,161.22,161.22,161.22,161.22
03/10/2016 20:00:00,161.34,161.39,161.2,161.24
03/10/2016 19:00:00,161.28,161.44,161.24,161.33
03/10/2016 18:00:00,161.22,161.29,161.17,161.27
03/10/2016 17:00:00,161.2,161.31,161.11,161.22
03/10/2016 16:00:00,161.03,161.57,160.89,161.2
03/10/2016 15:00:00,162.62,162.64,160.81,161.02
03/10/2016 14:00:00,163.08,163.13,162.2,162.63
03/10/2016 13:00:00,162.49,163.4,162.44,163.08
03/10/2016 12:00:00,162.47,162.93,162.04,162.51
03/10/2016 11:00:00,162.61,162.62,162.41,162.48
03/10/2016 10:00:00,162.51,162.62,162.46,162.61
03/10/2016 9:00:00,162.47,162.52,162.42,162.51
03/10/2016 8:00:00,162.34,162.55,162.31,162.47
03/10/2016 7:00:00,162.16,162.4,162.12,162.33
03/9/2016 21:00:00,162.1,162.1,162.1,162.1
03/9/2016 20:00:00,162.01,162.11,161.99,162.11
03/9/2016 19:00:00,162.03,162.04,161.94,162.01
03/9/2016 18:00:00,162.15,162.17,162.01,162.03
03/9/2016 17:00:00,162.18,162.22,162.13,162.14
03/9/2016 16:00:00,162.33,162.33,162.15,162.17
03/9/2016 15:00:00,162.34,162.4,162.21,162.32
03/9/2016 14:00:00,162.33,162.41,162.27,162.34
03/9/2016 13:00:00,162.44,162.46,162.27,162.32
03/9/2016 12:00:00,162.41,162.47,162.31,162.45
03/9/2016 11:00:00,162.66,162.66,162.25,162.41
03/9/2016 10:00:00,162.74,162.82,162.65,162.66
03/9/2016 9:00:00,162.57,162.74,162.51,162.74
03/9/2016 8:00:00,162.59,162.69,162.53,162.56
03/9/2016 7:00:00,162.75,162.76,162.45,162.6
03/8/2016 21:00:00,162.82,162.82,162.82,162.82
03/8/2016 20:00:00,162.81,162.85,162.79,162.79
03/8/2016 19:00:00,162.82,162.85,162.8,162.81
03/8/2016 18:00:00,162.93,162.95,162.8,162.81
03/8/2016 17:00:00,162.99,163.03,162.92,162.94
03/8/2016 16:00:00,163.15,163.21,162.99,163.01
03/8/2016 15:00:00,163.19,163.24,163.12,163.16
03/8/2016 14:00:00,162.98,163.2,162.97,163.19
03/8/2016 13:00:00,163.08,163.11,162.94,162.98
03/8/2016 12:00:00,163.22,163.23,163.07,163.08
03/8/2016 11:00:00,163.21,163.26,163.11,163.22
03/8/2016 10:00:00,163.11,163.29,163.09,163.21
03/8/2016 9:00:00,163.12,163.2,163.06,163.11
03/8/2016 8:00:00,162.93,163.22,162.87,163.12
03/8/2016 7:00:00,162.6,162.96,162.59,162.94
03/7/2016 21:00:00,162.4,162.4,162.4,162.4
03/7/2016 20:00:00,162.42,162.44,162.39,162.41
03/7/2016 19:00:00,162.34,162.45,162.33,162.43
03/7/2016 18:00:00,162.34,162.4,162.32,162.34
03/7/2016 17:00:00,162.4,162.41,162.33,162.34
03/7/2016 16:00:00,162.57,162.62,162.39,162.39
03/7/2016 15:00:00,162.64,162.65,162.45,162.58
03/7/2016 14:00:00,162.64,162.7,162.57,162.63
03/7/2016 13:00:00,162.55,162.7,162.44,162.64
03/7/2016 12:00:00,162.63,162.63,162.5,162.55
03/7/2016 11:00:00,162.71,162.71,162.62,162.62
03/7/2016 10:00:00,162.69,162.73,162.64,162.71
03/7/2016 9:00:00,162.68,162.7,162.55,162.69
03/7/2016 8:00:00,162.54,162.76,162.53,162.68
03/7/2016 7:00:00,162.47,162.66,162.43,162.54
03/4/2016 21:00:00,162.49,162.49,162.49,162.49
03/4/2016 20:00:00,162.4,162.49,162.4,162.48
03/4/2016 19:00:00,162.17,162.45,162.17,162.4
03/4/2016 18:00:00,162.26,162.27,162.15,162.17
03/4/2016 17:00:00,162.17,162.27,162.11,162.27
03/4/2016 16:00:00,162.38,162.38,162.13,162.17
03/4/2016 15:00:00,162.66,162.69,162.37,162.37
03/4/2016 14:00:00,162.72,162.82,162.59,162.66
03/4/2016 13:00:00,162.71,162.77,162.37,162.72
03/4/2016 12:00:00,162.66,162.7,162.59,162.7
03/4/2016 11:00:00,162.61,162.72,162.6,162.67
03/4/2016 10:00:00,162.83,162.88,162.57,162.61
03/4/2016 9:00:00,163.05,163.07,162.78,162.85
03/4/2016 8:00:00,163,163.1,162.92,163.05
03/4/2016 7:00:00,163.1,163.1,162.95,163
03/3/2016 20:00:00,163.08,163.11,163.04,163.04
03/3/2016 19:00:00,163.05,163.11,163.03,163.11
03/3/2016 18:00:00,163.15,163.15,163.04,163.06
03/3/2016 17:00:00,163.08,163.2,163.07,163.16
03/3/2016 16:00:00,162.88,163.15,162.84,163.07
03/3/2016 15:00:00,162.86,162.98,162.75,162.87
03/3/2016 14:00:00,162.69,162.9,162.68,162.85
03/3/2016 13:00:00,162.72,162.84,162.65,162.68
03/3/2016 12:00:00,162.72,162.76,162.66,162.73
03/3/2016 11:00:00,162.74,162.76,162.7,162.72
03/3/2016 10:00:00,162.67,162.86,162.55,162.75
03/3/2016 9:00:00,162.56,162.8,162.52,162.67
03/3/2016 8:00:00,162.2,162.63,162.2,162.56
03/3/2016 7:00:00,162.45,162.47,162.11,162.2
03/2/2016 20:00:00,162.5,162.56,162.49,162.53
03/2/2016 19:00:00,162.51,162.57,162.48,162.5
03/2/2016 18:00:00,162.48,162.58,162.48,162.5
03/2/2016 17:00:00,162.54,162.55,162.46,162.49
03/2/2016 16:00:00,162.71,162.72,162.41,162.53
03/2/2016 15:00:00,162.82,162.85,162.58,162.72
03/2/2016 14:00:00,162.91,162.97,162.7,162.82
03/2/2016 13:00:00,162.96,163.13,162.74,162.9
03/2/2016 12:00:00,162.81,162.97,162.77,162.95
03/2/2016 11:00:00,162.82,162.84,162.7,162.79
03/2/2016 10:00:00,162.52,162.86,162.52,162.82
03/2/2016 9:00:00,162.71,162.76,162.41,162.51
03/2/2016 8:00:00,163,163.01,162.71,162.73
03/2/2016 7:00:00,163.15,163.18,162.93,163
03/1/2016 21:00:00,163.35,163.35,163.35,163.35
03/1/2016 20:00:00,163.22,163.26,163.21,163.25
03/1/2016 19:00:00,163.23,163.25,163.21,163.23
03/1/2016 18:00:00,163.27,163.27,163.24,163.24
03/1/2016 17:00:00,163.38,163.4,163.2,163.25
03/1/2016 16:00:00,163.44,163.44,163.3,163.39
03/1/2016 15:00:00,163.61,163.63,163.17,163.44
03/1/2016 14:00:00,163.71,163.83,163.6,163.6
03/1/2016 13:00:00,163.53,163.74,163.53,163.71
03/1/2016 12:00:00,163.61,163.61,163.49,163.54
03/1/2016 11:00:00,163.59,163.7,163.59,163.61
03/1/2016 10:00:00,163.65,163.67,163.47,163.57
03/1/2016 9:00:00,163.67,163.72,163.58,163.66
03/1/2016 8:00:00,163.66,163.7,163.52,163.67
03/1/2016 7:00:00,163.94,163.95,163.65,163.66
02/29/2016 20:00:00,163.89,164,163.89,163.92
02/29/2016 19:00:00,163.89,163.91,163.89,163.91
02/29/2016 18:00:00,163.9,163.9,163.87,163.87
02/29/2016 17:00:00,163.93,163.94,163.88,163.89
02/29/2016 16:00:00,163.96,163.99,163.87,163.93
02/29/2016 15:00:00,163.93,164,163.85,163.96
02/29/2016 14:00:00,163.82,163.93,163.8,163.92
02/29/2016 13:00:00,163.73,163.82,163.62,163.82
02/29/2016 12:00:00,163.91,163.91,163.73,163.74
02/29/2016 11:00:00,163.92,163.98,163.89,163.9
02/29/2016 10:00:00,163.9,163.95,163.75,163.93
02/29/2016 9:00:00,163.76,163.88,163.67,163.88
02/29/2016 8:00:00,163.37,163.79,163.32,163.75
02/29/2016 7:00:00,163.45,163.5,163.35,163.39
02/26/2016 20:00:00,163.34,163.34,163.34,163.34
02/26/2016 19:00:00,163.33,163.33,163.33,163.33
02/26/2016 18:00:00,163.25,163.27,163.25,163.26
02/26/2016 17:00:00,163.35,163.35,163.26,163.26
02/26/2016 16:00:00,163.3,163.38,163.26,163.36
02/26/2016 15:00:00,163.39,163.44,163.29,163.32
02/26/2016 14:00:00,163.32,163.46,163.32,163.38
02/26/2016 13:00:00,163.41,163.42,163.24,163.34
02/26/2016 12:00:00,163.41,163.49,163.37,163.41
02/26/2016 11:00:00,163.35,163.43,163.32,163.41
02/26/2016 10:00:00,163.19,163.36,163.19,163.28
02/26/2016 9:00:00,163.37,163.41,163.16,163.18
02/26/2016 8:00:00,163.38,163.45,163.27,163.35
02/26/2016 7:00:00,163.44,163.45,163.3,163.34
02/25/2016 20:00:00,163.47,163.55,163.47,163.48
02/25/2016 19:00:00,163.46,163.52,163.46,163.52
02/25/2016 18:00:00,163.52,163.52,163.44,163.44
02/25/2016 17:00:00,163.44,163.61,163.43,163.53
02/25/2016 16:00:00,163.4,163.57,163.4,163.44
02/25/2016 15:00:00,163.27,163.39,163.23,163.39
02/25/2016 14:00:00,163.03,163.33,163.03,163.26
02/25/2016 13:00:00,163.1,163.2,163.07,163.13
02/25/2016 12:00:00,163.03,163.2,163.03,163.09
02/25/2016 11:00:00,163.12,163.22,163.05,163.05
02/25/2016 10:00:00,163.32,163.33,163.12,163.12
02/25/2016 9:00:00,163.15,163.32,163.1,163.29
02/25/2016 8:00:00,163.11,163.19,162.98,163.19
02/25/2016 7:00:00,163.1,163.24,163.07,163.11
02/24/2016 20:00:00,163,163.02,162.99,163.02
02/24/2016 19:00:00,163.03,163.03,163.01,163.02
02/24/2016 18:00:00,163.08,163.09,163.02,163.07
02/24/2016 17:00:00,163.11,163.14,163.05,163.05
02/24/2016 16:00:00,163.27,163.41,163.17,163.19
02/24/2016 15:00:00,163.43,163.53,163.23,163.23
02/24/2016 14:00:00,163.23,163.58,163.17,163.45
02/24/2016 13:00:00,163.3,163.32,163.2,163.25
02/24/2016 12:00:00,163.45,163.5,163.23,163.28
02/24/2016 11:00:00,163.42,163.52,163.41,163.42
02/24/2016 10:00:00,163.29,163.52,163.26,163.43
02/24/2016 9:00:00,163.16,163.37,163.16,163.3
02/24/2016 8:00:00,163.1,163.24,163.08,163.14
02/24/2016 7:00:00,162.96,163.08,162.89,163.08
02/23/2016 20:00:00,162.87,162.88,162.85,162.87
02/23/2016 19:00:00,162.84,162.89,162.84,162.89
02/23/2016 18:00:00,162.87,162.9,162.87,162.9
02/23/2016 17:00:00,162.79,162.82,162.79,162.81
02/23/2016 16:00:00,162.78,162.84,162.74,162.78
02/23/2016 15:00:00,162.26,162.77,162.25,162.76
02/23/2016 14:00:00,162.24,162.27,162.14,162.26
02/23/2016 13:00:00,162.58,162.6,162.16,162.23
02/23/2016 12:00:00,162.56,162.61,162.53,162.59
02/23/2016 11:00:00,162.72,162.72,162.52,162.6
02/23/2016 10:00:00,162.83,162.89,162.76,162.79
02/23/2016 9:00:00,162.77,162.91,162.77,162.89
02/23/2016 8:00:00,162.76,162.88,162.73,162.75
02/23/2016 7:00:00,162.82,162.83,162.73,162.73
02/22/2016 20:00:00,162.77,162.77,162.77,162.77
02/22/2016 19:00:00,162.79,162.8,162.79,162.79
02/22/2016 18:00:00,162.82,162.83,162.8,162.8
02/22/2016 17:00:00,162.87,162.87,162.85,162.85
02/22/2016 16:00:00,162.87,162.93,162.83,162.87
02/22/2016 15:00:00,162.76,162.85,162.73,162.82
02/22/2016 14:00:00,162.66,162.83,162.66,162.77
02/22/2016 13:00:00,162.57,162.64,162.54,162.64
02/22/2016 12:00:00,162.51,162.63,162.49,162.56
02/22/2016 11:00:00,162.43,162.5,162.43,162.5
02/22/2016 9:00:00,162.63,162.68,162.52,162.52
02/22/2016 8:00:00,162.43,162.64,162.33,162.6
02/22/2016 7:00:00,162.41,162.53,162.29,162.45
02/19/2016 20:00:00,162.45,162.45,162.41,162.44
02/19/2016 18:00:00,162.4,162.4,162.4,162.4
02/19/2016 17:00:00,162.44,162.44,162.44,162.44
02/19/2016 16:00:00,162.58,162.65,162.45,162.45
02/19/2016 15:00:00,162.63,162.63,162.52,162.52
02/19/2016 14:00:00,162.28,162.63,162.28,162.63
02/19/2016 13:00:00,162.54,162.54,162.25,162.43
02/19/2016 12:00:00,162.76,162.76,162.54,162.54
02/19/2016 11:00:00,162.76,162.84,162.76,162.84
02/19/2016 10:00:00,162.73,162.73,162.71,162.71
02/19/2016 9:00:00,162.53,162.66,162.53,162.57
02/19/2016 8:00:00,162.51,162.65,162.5,162.5
02/19/2016 7:00:00,162.51,162.7,162.47,162.7
02/18/2016 20:00:00,162.52,162.56,162.52,162.56
02/18/2016 18:00:00,162.35,162.51,162.35,162.51
02/18/2016 17:00:00,162.32,162.35,162.32,162.35
02/18/2016 16:00:00,162.32,162.45,162.32,162.33
02/18/2016 15:00:00,162.18,162.23,162.12,162.23
02/18/2016 14:00:00,161.73,162.14,161.73,162.14
02/18/2016 13:00:00,161.65,161.77,161.65,161.77
02/18/2016 12:00:00,161.76,161.76,161.74,161.75
02/18/2016 11:00:00,161.71,161.74,161.68,161.68
02/18/2016 10:00:00,161.82,161.94,161.79,161.79
02/18/2016 9:00:00,161.88,161.88,161.82,161.82
02/18/2016 8:00:00,161.93,161.96,161.84,161.9
02/18/2016 7:00:00,161.82,161.88,161.73,161.88
02/17/2016 20:00:00,161.75,161.76,161.75,161.75
02/17/2016 16:00:00,161.54,161.61,161.54,161.61
02/17/2016 15:00:00,161.55,161.6,161.55,161.6
02/17/2016 14:00:00,161.62,161.73,161.6,161.73
02/17/2016 13:00:00,161.42,161.67,161.42,161.67
02/17/2016 12:00:00,161.58,161.59,161.58,161.59
02/17/2016 11:00:00,161.89,161.89,161.59,161.59
02/17/2016 10:00:00,161.84,161.84,161.81,161.81
02/17/2016 9:00:00,161.89,161.89,161.89,161.89
02/17/2016 8:00:00,161.96,161.97,161.84,161.84
02/17/2016 7:00:00,161.99,162,161.87,161.95
02/16/2016 19:00:00,161.79,161.79,161.79,161.79
02/16/2016 17:00:00,161.7,161.7,161.7,161.7
02/16/2016 16:00:00,161.74,161.74,161.69,161.7
02/16/2016 15:00:00,161.72,161.73,161.7,161.7
02/16/2016 14:00:00,161.66,161.66,161.66,161.66
02/16/2016 13:00:00,161.77,161.77,161.77,161.77
02/16/2016 12:00:00,161.59,161.63,161.59,161.63
02/16/2016 11:00:00,161.87,161.87,161.87,161.87
02/16/2016 10:00:00,161.91,162,161.91,162
02/16/2016 9:00:00,161.62,161.73,161.62,161.7
02/16/2016 8:00:00,161.73,161.73,161.59,161.66
02/16/2016 7:00:00,161.88,161.91,161.84,161.85